frame_id,point_id,x,y,z,doppler,snr,noise,timestamp
1,1,0.233,1.5111,2.0192,0,331,616,11
1,2,0,1.9055,2.071,0,327,607,11
1,3,3.4056,5.1376,-3.1928,0,202,839,11
2,1,0.1553,1.4121,2.0969,0,306,641,45
2,2,0,1.9055,2.071,0,315,619,45
2,3,3.4056,5.1376,-3.1928,0,205,837,45
3,1,0.233,1.5111,2.0192,0,288,659,78
3,2,0,1.9055,2.071,0,320,613,78
3,3,3.4056,5.1376,-3.1928,0,203,839,78
4,1,0.233,1.5111,2.0192,0,283,664,111
4,2,0,1.9055,2.071,0,290,645,111
4,3,3.4056,5.1376,-3.1928,0,205,837,111
5,1,0.233,1.5111,2.0192,0,332,615,145
5,2,0,1.9055,2.071,0,311,624,145
5,3,3.4056,5.1376,-3.1928,0,202,840,145
6,1,0.1553,1.4121,2.0969,0,306,641,178
6,2,0,1.9055,2.071,0,325,612,178
6,3,3.4056,5.1376,-3.1928,0,205,837,178
7,1,0.233,1.5111,2.0192,0,285,662,211
7,2,0.1553,1.4121,2.0969,0,285,662,211
7,3,0,1.9055,2.071,0,284,651,211
7,4,3.4056,5.1376,-3.1928,0,205,838,211
8,1,0.233,1.5111,2.0192,0,294,653,245
8,2,0,1.9055,2.071,0,329,606,245
8,3,3.4056,5.1376,-3.1928,0,204,837,245
9,1,0.233,1.5111,2.0192,0,296,651,278
9,2,0,1.9055,2.071,0,321,614,278
9,3,3.4056,5.1376,-3.1928,0,206,836,278
10,1,0.233,1.5111,2.0192,0,311,636,311
10,2,0.1553,1.4121,2.0969,0,311,636,311
10,3,0,1.9055,2.071,0,310,625,311
10,4,3.4056,5.1376,-3.1928,0,205,837,311
11,1,0.233,1.5111,2.0192,0,290,657,345
11,2,0,1.9055,2.071,0,311,625,345
11,3,3.4056,5.1376,-3.1928,0,204,839,345
12,1,0.233,1.5111,2.0192,0,298,649,378
12,2,0,1.9055,2.071,0,324,610,378
12,3,3.4056,5.1376,-3.1928,0,206,836,378
13,1,0.233,1.5111,2.0192,0,298,649,412
13,2,0,1.9055,2.071,0,314,622,412
13,3,3.4056,5.1376,-3.1928,0,208,835,412
14,1,0.233,1.5111,2.0192,0,302,645,445
14,2,0,1.9055,2.071,0,312,623,445
14,3,3.4056,5.1376,-3.1928,0,206,836,445
15,1,0.233,1.5111,2.0192,0,318,630,479
15,2,0.1553,1.4121,2.0969,0,318,630,479
15,3,0,1.9055,2.071,0,323,611,479
15,4,3.4056,5.1376,-3.1928,0,203,839,479
16,1,0.233,1.5111,2.0192,0,319,628,512
16,2,0,1.9055,2.071,0,324,611,512
16,3,3.4056,5.1376,-3.1928,0,204,839,512
17,1,0.233,1.5111,2.0192,0,304,643,545
17,2,0,1.9055,2.071,0,332,601,545
17,3,3.4056,5.1376,-3.1928,0,204,838,545
18,1,0.233,1.5111,2.0192,0,304,643,578
18,2,0,1.9055,2.071,0,314,622,578
18,3,3.4056,5.1376,-3.1928,0,202,839,578
19,1,0.233,1.5111,2.0192,0,300,647,611
19,2,0,1.9055,2.071,0,325,610,611
19,3,3.4056,5.1376,-3.1928,0,203,839,611
20,1,0.233,1.5111,2.0192,0,303,645,645
20,2,0,1.9055,2.071,0,321,614,645
20,3,3.4056,5.1376,-3.1928,0,203,838,645
21,1,0.233,1.5111,2.0192,0,319,628,678
21,2,0,1.9055,2.071,0,303,630,678
21,3,3.4056,5.1376,-3.1928,0,206,837,678
22,1,0.233,1.5111,2.0192,0,306,641,711
22,2,0,1.9055,2.071,0,322,612,711
22,3,3.4056,5.1376,-3.1928,0,201,840,711
23,1,0.233,1.5111,2.0192,0,302,645,745
23,2,0,1.9055,2.071,0,316,618,745
23,3,3.4056,5.264,-2.9799,0,201,840,745
24,1,0.233,1.5111,2.0192,0,306,642,778
24,2,0,1.9055,2.071,0,307,627,778
24,3,3.4056,5.264,-2.9799,0,198,843,778
25,1,0.233,1.5111,2.0192,0,310,637,811
25,2,0,1.9055,2.071,0,330,605,811
25,3,3.4056,5.264,-2.9799,0,203,838,811
26,1,0.1553,1.4121,2.0969,0,296,651,845
26,2,0,1.9055,2.071,0,305,629,845
26,3,3.4056,5.1376,-3.1928,0,201,840,845
27,1,0.1553,1.4121,2.0969,0,311,636,878
27,2,0,1.9055,2.071,0,308,628,878
27,3,3.4056,5.1376,-3.1928,0,201,840,878
28,1,0.233,1.5111,2.0192,0,300,647,911
28,2,0,1.9055,2.071,0,312,623,911
28,3,3.4056,5.264,-2.9799,0,201,839,911
29,1,0.233,1.5111,2.0192,0,305,641,945
29,2,0,1.9055,2.071,0,303,632,945
29,3,3.4056,5.264,-2.9799,0,201,839,945
30,1,0.1553,1.4121,2.0969,0,286,661,978
30,2,0,1.9055,2.071,0,302,632,978
30,3,3.4056,5.1376,-3.1928,0,205,836,978
31,1,0.233,1.5111,2.0192,0,291,657,1012
31,2,0,1.9055,2.071,0,302,632,1012
31,3,3.4056,5.1376,-3.1928,0,203,838,1012
32,1,0.233,1.5111,2.0192,0,336,612,1046
32,2,0,1.9055,2.071,0,321,613,1046
32,3,3.4056,5.1376,-3.1928,0,203,839,1046
33,1,0.233,1.5111,2.0192,0,321,626,1079
33,2,0,1.9055,2.071,0,327,608,1079
33,3,3.4056,5.1376,-3.1928,0,204,839,1079
34,1,0.233,1.5111,2.0192,0,286,661,1112
34,2,0,1.9055,2.071,0,302,633,1112
34,3,3.4056,5.1376,-3.1928,0,205,837,1112
35,1,0.233,1.5111,2.0192,0,314,633,1145
35,2,0,1.9055,2.071,0,324,609,1145
35,3,3.4056,5.1376,-3.1928,0,204,839,1145
36,1,0.1553,1.4121,2.0969,0,309,638,1178
36,2,0,1.9055,2.071,0,330,606,1178
36,3,3.4056,5.1376,-3.1928,0,205,839,1178
37,1,0.233,1.5111,2.0192,0,286,661,1212
37,2,0,1.9055,2.071,0,305,631,1212
37,3,3.4056,5.1376,-3.1928,0,204,839,1212
38,1,0.233,1.5111,2.0192,0,300,647,1244
38,2,0,1.9055,2.071,0,318,617,1244
38,3,3.4056,5.264,-2.9799,0,203,839,1244
39,1,0.233,1.5111,2.0192,0,311,636,1278
39,2,0,1.9055,2.071,0,322,613,1278
39,3,3.4056,5.1376,-3.1928,0,202,839,1278
40,1,0.233,1.5111,2.0192,0,307,641,1311
40,2,0,1.9055,2.071,0,310,625,1311
40,3,3.4056,5.1376,-3.1928,0,203,839,1311
41,1,0.1553,1.4121,2.0969,0,284,663,1345
41,2,0,1.9055,2.071,0,310,625,1345
41,3,3.4056,5.1376,-3.1928,0,202,840,1345
42,1,0.233,1.5111,2.0192,0,317,630,1378
42,2,0,1.9055,2.071,0,321,614,1378
42,3,3.4056,5.1376,-3.1928,0,206,836,1378
42,4,5.0739,2.6608,-1.4497,-1.4742,224,571,1378
43,1,0.233,1.5111,2.0192,0,291,656,1411
43,2,0,1.9055,2.071,0,320,615,1411
43,3,3.4056,5.1376,-3.1928,0,203,839,1411
43,4,4.7115,3.3345,-1.2685,-0.9828,200,573,1411
44,1,0.233,1.5111,2.0192,0,324,623,1444
44,2,0,1.9055,2.071,0,323,612,1444
44,3,3.4056,5.1376,-3.1928,0,202,841,1444
45,1,0.233,1.5111,2.0192,0,294,653,1478
45,2,0,1.9055,2.071,0,311,623,1478
45,3,3.4056,5.1376,-3.1928,0,206,837,1478
46,1,0.233,1.5111,2.0192,0,305,642,1512
46,2,0,1.9055,2.071,0,315,619,1512
46,3,3.4056,5.1376,-3.1928,0,202,841,1512
47,1,0.1553,1.4121,2.0969,0,314,633,1545
47,2,0,1.9055,2.071,0,315,619,1545
47,3,3.4056,5.1376,-3.1928,0,204,839,1545
47,4,4.8927,2.9809,-1.4497,-1.9656,182,564,1545
48,1,0.233,1.5111,2.0192,0,300,647,1579
48,2,0,1.9055,2.071,0,309,626,1579
48,3,3.4056,5.1376,-3.1928,0,202,840,1579
49,1,0.233,1.5111,2.0192,0,285,662,1612
49,2,0.1553,1.4121,2.0969,0,285,662,1612
49,3,0,1.9055,2.071,0,304,631,1612
49,4,3.4056,5.1376,-3.1928,0,202,841,1612
50,1,0.233,1.5111,2.0192,0,332,615,1645
50,2,0.1553,1.4121,2.0969,0,332,615,1645
50,3,0,1.9055,2.071,0,303,631,1645
50,4,3.4056,5.1376,-3.1928,0,201,842,1645
51,1,0.233,1.5111,2.0192,0,300,647,1679
51,2,0,1.9055,2.071,0,306,629,1679
51,3,3.4056,5.1376,-3.1928,0,204,838,1679
52,1,0.233,1.5111,2.0192,0,320,626,1711
52,2,0,1.9055,2.071,0,321,615,1711
52,3,3.4056,5.1376,-3.1928,0,202,840,1711
52,4,4.5821,2.5994,-1.6971,-1.4742,175,573,1711
53,1,0.233,1.5111,2.0192,0,309,638,1744
53,2,0,1.9055,2.071,0,317,618,1744
53,3,3.4056,5.1376,-3.1928,0,201,840,1744
53,4,4.3376,2.9212,-1.5015,-1.4742,232,545,1744
54,1,0.233,1.5111,2.0192,0,302,645,1778
54,2,0,1.9055,2.071,0,317,618,1778
54,3,3.4056,5.1376,-3.1928,0,202,841,1778
55,1,0.1553,1.4121,2.0969,0,290,658,1811
55,2,0,1.9055,2.071,0,309,625,1811
55,3,3.4056,5.1376,-3.1928,0,202,840,1811
56,1,0.233,1.5111,2.0192,0,317,630,1844
56,2,0,1.9055,2.071,0,318,616,1844
56,3,3.4056,5.1376,-3.1928,0,200,842,1844
57,1,0.233,1.5111,2.0192,0,323,624,1878
57,2,0.1553,1.4121,2.0969,0,323,624,1878
57,3,0,1.9055,2.071,0,319,616,1878
57,4,3.4056,5.1376,-3.1928,0,202,840,1878
58,1,0.233,1.5111,2.0192,0,283,664,1911
58,2,0,1.9055,2.071,0,302,632,1911
58,3,3.4056,5.1376,-3.1928,0,203,839,1911
59,1,0.233,1.5111,2.0192,0,309,639,1944
59,2,0,1.9055,2.071,0,325,608,1944
59,3,3.4056,5.1376,-3.1928,0,201,842,1944
60,1,0.233,1.5111,2.0192,0,303,645,1978
60,2,0,1.9055,2.071,0,309,626,1978
60,3,3.4056,5.1376,-3.1928,0,203,840,1978
61,1,0.233,1.5111,2.0192,0,280,667,2011
61,2,0.1553,1.4121,2.0969,0,280,667,2011
61,3,0,1.9055,2.071,0,295,640,2011
61,4,3.4056,5.1376,-3.1928,0,204,839,2011
62,1,0.233,1.5111,2.0192,0,316,631,2045
62,2,0,1.9055,2.071,0,301,635,2045
62,3,3.4056,5.1376,-3.1928,0,201,842,2045
63,1,0.233,1.5111,2.0192,0,318,629,2078
63,2,0,1.9055,2.071,0,326,608,2078
63,3,3.4056,5.1376,-3.1928,0,202,841,2078
63,4,4.2628,3.122,-0.8198,-0.9828,233,597,2078
64,1,0.233,1.5111,2.0192,0,300,647,2111
64,2,0,1.9055,2.071,0,315,621,2111
64,3,3.4056,5.1376,-3.1928,0,199,843,2111
64,4,4.4267,2.8331,-0.9837,-0.9828,270,588,2111
65,1,0.233,1.5111,2.0192,0,331,616,2145
65,2,0.1553,1.4121,2.0969,0,331,616,2145
65,3,0,1.9055,2.071,0,322,613,2145
65,4,3.4056,5.1376,-3.1928,0,199,843,2145
65,5,4.0269,3.1794,-1.1275,-1.4742,283,563,2145
66,1,0.233,1.5111,2.0192,0,328,619,2178
66,2,0,1.9055,2.071,0,322,612,2178
66,3,3.4056,5.1376,-3.1928,0,200,843,2178
66,4,4.5102,2.6152,-0.6443,-1.4742,172,564,2178
66,5,2.4162,3.2119,-3.3826,-1.4742,172,564,2178
67,1,0.233,1.5111,2.0192,0,301,646,2211
67,2,0,1.9055,2.071,0,322,613,2211
67,3,3.4056,5.1376,-3.1928,0,200,842,2211
68,1,0.233,1.5111,2.0192,0,335,613,2244
68,2,0,1.9055,2.071,0,322,612,2244
68,3,3.4056,5.1376,-3.1928,0,201,842,2244
69,1,0.233,1.5111,2.0192,0,310,638,2278
69,2,0,1.9055,2.071,0,314,620,2278
69,3,3.4056,5.1376,-3.1928,0,199,843,2278
70,1,0.233,1.5111,2.0192,0,289,659,2311
70,2,0,1.9055,2.071,0,304,631,2311
70,3,3.4056,5.1376,-3.1928,0,199,844,2311
71,1,0.233,1.5111,2.0192,0,290,657,2345
71,2,0,1.9055,2.071,0,310,624,2345
71,3,3.4056,5.1376,-3.1928,0,200,843,2345
71,4,4.3491,2.4243,-0.9319,-0.9828,268,581,2345
72,1,0.1553,1.4121,2.0969,0,295,652,2378
72,2,0,1.9055,2.071,0,312,624,2378
72,3,3.4056,5.1376,-3.1928,0,201,842,2378
72,4,3.9636,2.5854,-1.5245,-1.4742,245,585,2378
72,5,4.0384,2.9942,-0.6213,-0.9828,250,580,2378
73,1,0.1553,1.4121,2.0969,0,304,643,2411
73,2,0,1.9055,2.071,0,323,612,2411
73,3,3.4056,5.1376,-3.1928,0,201,843,2411
73,4,4.0384,2.9942,-0.6213,-0.9828,250,579,2411
74,1,0.233,1.5111,2.0192,0,311,636,2445
74,2,0,1.9055,2.071,0,310,625,2445
74,3,3.4056,5.1376,-3.1928,0,200,843,2445
74,4,3.6674,2.4087,-1.907,-1.9656,188,551,2445
74,5,3.8112,3.1004,-0.7622,-0.9828,262,580,2445
75,1,0.233,1.5111,2.0192,0,299,648,2478
75,2,0,1.9055,2.071,0,315,620,2478
75,3,3.4056,5.1376,-3.1928,0,202,840,2478
75,4,3.9636,2.9858,-0.3049,-0.9828,224,573,2478
76,1,0.233,1.5111,2.0192,0,296,650,2511
76,2,0,1.9055,2.071,0,317,617,2511
76,3,3.4056,5.1376,-3.1928,0,201,842,2511
76,4,3.4517,2.6659,-1.7258,-1.4742,177,564,2511
77,1,0.233,1.5111,2.0192,0,294,653,2545
77,2,0,1.9055,2.071,0,318,618,2545
77,3,3.4056,5.1376,-3.1928,0,201,841,2545
77,4,4.421,2.2281,-0.4573,-0.9828,219,601,2545
77,5,2.1343,3.667,-2.5916,-0.9828,219,601,2545
78,1,0.233,1.5111,2.0192,0,318,630,2578
78,2,0,1.9055,2.071,0,316,618,2578
78,3,3.4056,5.1376,-3.1928,0,201,841,2578
78,4,3.7278,3.3731,-0.6213,-0.9828,201,615,2578
79,1,0.233,1.5111,2.0192,0,290,657,2612
79,2,0,1.9055,2.071,0,305,629,2612
79,3,3.4056,5.1376,-3.1928,0,198,844,2612
79,4,3.5207,3.1174,-0.8802,-1.4742,278,563,2612
80,1,0.233,1.5111,2.0192,0,320,627,2645
80,2,0.1553,1.4121,2.0969,0,320,627,2645
80,3,0,1.9055,2.071,0,291,644,2645
80,4,3.4056,5.1376,-3.1928,0,198,843,2645
80,5,3.8141,2.7507,-0.8802,-1.4742,290,588,2645
81,1,0.1553,1.4121,2.0969,0,323,624,2678
81,2,0,1.9055,2.071,0,330,605,2678
81,3,3.4056,5.1376,-3.1928,0,198,845,2678
82,1,0.233,1.5111,2.0192,0,297,650,2711
82,2,0,1.9055,2.071,0,278,657,2711
82,3,3.4056,5.1376,-3.1928,0,201,841,2711
83,1,0.233,1.5111,2.0192,0,326,621,2745
83,2,0,1.9055,2.071,0,311,623,2745
83,3,3.4056,5.1376,-3.1928,0,202,841,2745
83,4,3.3826,2.842,-1.2685,-1.9656,236,570,2745
84,1,0.233,1.5111,2.0192,0,314,633,2778
84,2,0,1.9055,2.071,0,325,608,2778
84,3,3.4056,5.1376,-3.1928,0,201,842,2778
84,4,3.7278,2.1987,-1.2425,-1.9656,232,567,2778
85,1,0.233,1.5111,2.0192,0,319,628,2812
85,2,0,1.9055,2.071,0,332,602,2812
85,3,3.4056,5.1376,-3.1928,0,196,844,2812
85,4,3.5897,2.5406,-0.9665,-2.4569,223,567,2812
86,1,0.233,1.5111,2.0192,0,311,637,2845
86,2,0.1553,1.4121,2.0969,0,311,637,2845
86,3,0,1.9055,2.071,0,293,641,2845
86,4,3.4056,5.1376,-3.1928,0,199,842,2845
86,5,3.5236,2.8974,-0.5638,-0.9828,271,594,2845
87,1,0.233,1.5111,2.0192,0,288,659,2878
87,2,0,1.9055,2.071,0,303,632,2878
87,3,3.4056,5.1376,-3.1928,0,198,843,2878
87,4,3.3797,2.6684,-0.9463,-1.4742,170,569,2878
88,1,0.233,1.5111,2.0192,0,305,642,2911
88,2,0,1.9055,2.071,0,306,629,2911
88,3,3.4056,5.264,-2.9799,0,204,840,2911
89,1,0.233,1.5111,2.0192,0,306,641,2946
89,2,0,1.9055,2.071,0,300,633,2946
89,3,3.4056,5.264,-2.9799,0,201,842,2946
90,1,0.233,1.5111,2.0192,0,333,613,2979
90,2,0.1553,1.4121,2.0969,0,333,613,2979
90,3,0,1.9055,2.071,0,337,599,2979
90,4,3.4056,5.1376,-3.1928,0,200,841,2979
90,5,3.3078,2.358,-1.4554,-2.9483,236,551,2979
91,1,0.233,1.5111,2.0192,0,300,647,3011
91,2,0,1.9055,2.071,0,319,616,3011
91,3,3.4056,5.1376,-3.1928,0,195,844,3011
92,1,0.1553,1.4121,2.0969,0,324,623,3045
92,2,0,1.9055,2.071,0,303,631,3045
92,3,3.4056,5.1376,-3.1928,0,200,842,3045
92,4,3.2906,2.1692,-1.139,-2.4569,272,564,3045
93,1,0.233,1.5111,2.0192,0,288,658,3079
93,2,0,1.9055,2.071,0,310,625,3079
93,3,3.4056,5.1376,-3.1928,0,197,844,3079
93,4,3.1755,3.1803,-0.2761,-1.4742,226,594,3079
94,1,0.233,1.5111,2.0192,0,299,648,3111
94,2,0,1.9055,2.071,0,303,631,3111
94,3,3.4056,5.1376,-3.1928,0,202,842,3111
94,4,2.8994,2.1564,-1.5705,-1.9656,179,566,3111
94,5,2.6233,3.6492,-0.2761,-1.4742,153,609,3111
94,6,-4.142,0.6113,1.6568,-1.4742,153,609,3111
95,1,0.1553,1.4121,2.0969,0,285,661,3145
95,2,0,1.9055,2.071,0,307,628,3145
95,3,3.4056,5.1376,-3.1928,0,202,840,3145
95,4,3.2359,2.6609,-0.5177,-1.4742,157,591,3145
96,1,0.233,1.5111,2.0192,0,314,634,3178
96,2,0,1.9055,2.071,0,311,623,3178
96,3,3.4056,5.264,-2.9799,0,200,843,3178
96,4,3.2359,2.6324,-0.6472,-1.4742,284,576,3178
97,1,0.233,1.5111,2.0192,0,320,627,3212
97,2,0,1.9055,2.071,0,320,615,3212
97,3,3.4056,5.1376,-3.1928,0,201,841,3212
97,4,3.0375,2.7221,-0.6328,-1.4742,227,581,3212
97,5,3.1094,3.0994,-0.4056,-1.4742,229,578,3212
98,1,0.233,1.5111,2.0192,0,297,650,3246
98,2,0.1553,1.4121,2.0969,0,297,650,3246
98,3,0,1.9055,2.071,0,305,629,3246
98,4,3.4056,5.1376,-3.1928,0,198,843,3246
99,1,0.233,1.5111,2.0192,0,304,643,3278
99,2,0,1.9055,2.071,0,301,634,3278
99,3,3.4056,5.1376,-3.1928,0,206,838,3278
99,4,3.2906,2.3289,-0.8859,-1.9656,168,573,3278
99,5,3.0432,3.0478,-0.2646,-0.9828,274,601,3278
100,1,0.233,1.5111,2.0192,0,332,616,3311
100,2,0,1.9055,2.071,0,319,616,3311
100,3,3.4056,5.1376,-3.1928,0,202,841,3311
100,4,3.0375,2.7832,-0.2531,-1.4742,278,573,3311
101,1,0.233,1.5111,2.0192,0,318,629,3345
101,2,0.1553,1.4121,2.0969,0,318,629,3345
101,3,0,1.9055,2.071,0,326,610,3345
101,4,3.4056,5.264,-2.9799,0,204,839,3345
101,5,3.4632,1.9304,-0.7421,-1.4742,272,566,3345
101,6,1.8553,2.3291,-2.7211,-1.4742,272,566,3345
102,1,0.233,1.5111,2.0192,0,314,634,3379
102,2,0,1.9055,2.071,0,318,616,3379
102,3,3.4056,5.1376,-3.1928,0,195,842,3379
102,4,3.0202,2.3382,-0.9665,-1.9656,283,573,3379
103,1,0.233,1.5111,2.0192,0,314,633,3412
103,2,0,1.9055,2.071,0,309,625,3412
103,3,3.4056,5.1376,-3.1928,0,197,844,3412
103,4,3.0202,2.424,-0.7248,-1.9656,285,579,3412
104,1,0.233,1.5111,2.0192,0,307,640,3445
104,2,0,1.9055,2.071,0,310,626,3445
104,3,3.4056,5.264,-2.9799,0,207,840,3445
104,4,2.7124,2.5988,-0.8255,-1.9656,255,563,3445
105,1,0.233,1.5111,2.0192,0,296,650,3478
105,2,0,1.9055,2.071,0,309,626,3478
105,3,3.4056,5.1376,-3.1928,0,202,842,3478
106,1,0.233,1.5111,2.0192,0,323,624,3512
106,2,0,1.9055,2.071,0,309,625,3512
106,3,3.4056,5.1376,-3.1928,0,199,844,3512
106,4,2.8304,2.5611,-0.4717,-0.9828,330,574,3512
107,1,0.233,1.5111,2.0192,0,299,647,3546
107,2,0,1.9055,2.071,0,305,630,3546
107,3,3.4056,5.1376,-3.1928,0,199,842,3546
107,4,2.6923,2.3088,-0.8974,-1.4742,251,566,3546
108,1,0.233,1.5111,2.0192,0,309,638,3579
108,2,0.1553,1.4121,2.0969,0,309,638,3579
108,3,0,1.9055,2.071,0,303,632,3579
108,4,3.4056,5.264,-2.9799,0,209,840,3579
108,5,2.7613,2.0537,-1.4957,-2.9483,245,555,3579
108,6,2.514,2.4086,-0.7651,-1.4742,179,562,3579
109,1,0.233,1.5111,2.0192,0,297,650,3611
109,2,0,1.9055,2.071,0,307,628,3611
109,3,3.4056,5.1376,-3.1928,0,202,840,3611
109,4,2.4679,2.584,-0.7853,-0.9828,346,582,3611
110,1,0.233,1.5111,2.0192,0,308,640,3646
110,2,0,1.9055,2.071,0,314,621,3646
110,3,3.6185,4.99,-3.1928,0,210,840,3646
110,4,2.514,2.1602,-1.3116,-2.9483,240,572,3646
110,5,2.514,2.2786,-1.093,-1.9656,241,567,3646
110,6,2.8045,2.2509,-0.6731,-0.9828,360,586,3646
111,1,0.233,1.5111,2.0192,0,314,633,3679
111,2,0,1.9055,2.071,0,310,625,3679
111,3,3.4056,5.1376,-3.1928,0,199,842,3679
111,4,2.4478,2.1034,-1.2771,-1.9656,227,576,3679
111,5,2.6923,2.4541,-0.3365,-0.9828,332,581,3679
112,1,0.233,1.5111,2.0192,0,314,633,3711
112,2,0,1.9055,2.071,0,315,620,3711
112,3,3.4056,5.1376,-3.1928,0,204,839,3711
112,4,2.4478,2.1034,-1.2771,-1.9656,180,566,3711
112,5,2.3816,2.0465,-1.2425,-1.4742,178,579,3711
113,1,0.1553,1.4121,2.0969,0,312,636,3745
113,2,0,1.9055,2.071,0,319,614,3745
113,3,3.4056,5.264,-2.9799,0,208,838,3745
113,4,2.0135,2.3451,-1.1074,-1.9656,207,574,3745
113,5,3.2532,1.6395,-0.3365,-1.4742,190,591,3745
113,6,1.6827,2.6299,-1.907,-1.4742,190,591,3745
114,1,0.233,1.5111,2.0192,0,305,642,3779
114,2,0,1.9055,2.071,0,298,636,3779
114,3,3.6185,4.99,-3.1928,0,206,838,3779
114,4,2.5312,2.7699,0,-0.9828,246,623,3779
115,1,0.233,1.5111,2.0192,0,314,633,3811
115,2,0,1.9055,2.071,0,318,616,3811
115,3,3.4056,5.1376,-3.1928,0,205,840,3811
115,4,2.3155,2.1716,-0.7047,-1.4742,163,575,3811
115,5,2.7326,2.247,-0.4372,-1.4742,268,583,3811
116,1,0.233,1.5111,2.0192,0,286,661,3844
116,2,0,1.9055,2.071,0,301,633,3844
116,3,3.4056,5.1376,-3.1928,0,203,838,3844
116,4,2.4478,2.4399,-0.3193,-1.4742,301,581,3844
116,5,2.1343,4.0294,1.9818,-0.9828,168,622,3844
117,1,0.233,1.5111,2.0192,0,282,665,3879
117,2,0,1.9055,2.071,0,288,647,3879
117,3,3.4056,5.264,-2.9799,0,203,840,3879
118,1,0.233,1.5111,2.0192,0,315,632,3912
118,2,0,1.9055,2.071,0,303,632,3912
118,3,3.4056,5.264,-2.9799,0,202,843,3912
118,4,2.1745,2.565,-0.3106,-1.4742,287,596,3912
118,5,2.1285,2.7333,0.2129,-0.9828,266,594,3912
118,6,2.1515,2.0943,-1.0758,-0.4914,179,739,3912
119,1,0.1553,1.4121,2.0969,0,310,637,3945
119,2,0,1.9055,2.071,0,314,621,3945
119,3,3.4056,5.264,-2.9799,0,198,842,3945
119,4,2.3558,2.7629,-0.4487,-1.4742,270,584,3945
119,5,2.2781,2.4386,-0.5177,-0.9828,279,601,3945
120,1,0.1553,1.4121,2.0969,0,309,637,3978
120,2,0,1.9055,2.071,0,296,638,3978
120,3,3.4056,5.1376,-3.1928,0,199,843,3978
120,4,2.6175,1.811,-0.8054,-1.9656,324,560,3978
120,5,1.2081,2.1012,-2.1679,-1.9656,324,560,3978
120,6,2.3558,2.6867,-0.7853,-1.4742,213,616,3978
121,1,0.233,1.5111,2.0192,0,297,652,4011
121,2,0,1.9055,2.071,0,315,619,4011
121,3,1.6625,2.5756,-0.8802,0,164,759,4011
121,4,-0.8802,2.9365,0.8802,0,164,759,4011
121,5,1.3692,1.1514,-2.6405,0,164,759,4011
121,6,3.4056,5.1376,-3.1928,0,196,844,4011
121,7,1.467,2.3605,-1.5647,-1.9656,298,577,4011
121,8,2.8361,1.4558,-0.0978,-1.9656,298,577,4011
121,9,2.0767,2.8972,0,-0.9828,251,614,4011
122,1,0.233,1.5111,2.0192,0,327,620,4046
122,2,0,1.9055,2.071,0,318,617,4046
122,3,3.4056,5.1376,-3.1928,0,201,843,4046
122,4,2.186,2.8072,-0.2186,-0.9828,307,643,4046
123,1,0.233,1.5111,2.0192,0,304,643,4079
123,2,0,1.9055,2.071,0,294,640,4079
123,3,2.1515,2.1838,-0.8802,0,190,804,4079
123,4,3.4056,5.264,-2.9799,0,198,846,4079
123,5,2.485,1.9195,-1.2425,-3.4397,242,565,4079
124,1,0.233,1.5111,2.0192,0,307,640,4112
124,2,0,1.9055,2.071,0,305,630,4112
124,3,3.4056,5.1376,-3.1928,0,199,843,4112
124,4,2.1679,2.04,-1.3088,-2.9483,266,557,4112
124,5,2.117,2.0283,-0.6443,-1.4742,227,576,4112
124,6,1.8092,2.962,0,-0.9828,235,622,4112
124,7,2.1515,2.2527,-0.6846,-0.4914,258,729,4112
125,1,0.233,1.5111,2.0192,0,335,612,4145
125,2,0,1.9055,2.071,0,315,619,4145
125,3,2.2493,1.9328,-1.1736,0,157,783,4145
125,4,-2.5427,1.9229,0.0978,0,157,783,4145
125,5,3.4056,5.1376,-3.1928,0,201,842,4145
125,6,2.1679,2.4216,0.1007,-0.9828,284,621,4145
125,7,2.0882,2.1554,-0.7594,-0.4914,212,722,4145
126,1,0.233,1.5111,2.0192,0,312,635,4178
126,2,0,1.9055,2.071,0,316,618,4178
126,3,2.1515,1.7593,-1.5647,0,178,778,4178
126,4,-2.6405,1.7782,-0.1956,0,178,778,4178
126,5,3.4056,5.264,-2.9799,0,202,842,4178
126,6,2.0882,2.2354,-0.4746,-0.9828,350,600,4178
127,1,0.233,1.5111,2.0192,0,337,610,4212
127,2,0,1.9055,2.071,0,329,605,4212
127,3,3.4056,5.1376,-3.1928,0,200,839,4212
127,4,2.0882,2.1865,-0.6644,-0.9828,275,603,4212
128,1,0.233,1.5111,2.0192,0,331,616,4245
128,2,0,1.9055,2.071,0,327,607,4245
128,3,3.4056,5.1376,-3.1928,0,202,837,4245
128,4,1.8121,1.8878,-1.0355,-2.9483,297,571,4245
128,5,1.8984,1.8898,-0.8629,-1.4742,248,598,4245
128,6,2.2493,2.2591,-0.0978,-0.9828,300,624,4245
128,7,4.9531,5.0234,-3.0662,-0.9828,181,616,4245
128,8,-6.6042,3.88,0.7076,-0.9828,181,616,4245
129,1,0.233,1.5111,2.0192,0,295,652,4278
129,2,0,1.9055,2.071,0,307,628,4278
129,3,3.4056,5.1376,-3.1928,0,200,839,4278
129,4,1.7517,1.8249,-1.001,-2.4569,268,561,4278
129,5,1.9329,2.267,-0.3682,-0.9828,299,596,4278
129,6,1.7114,2.8001,-0.1007,-0.9828,180,678,4278
130,1,0.233,1.5111,2.0192,0,308,639,4311
130,2,0,1.9055,2.071,0,312,623,4311
130,3,3.4056,5.264,-2.9799,0,199,844,4311
130,4,1.6108,1.7912,-1.047,-2.9483,214,574,4311
130,5,1.6913,1.8412,-0.8054,-1.9656,193,596,4311
131,1,0.233,1.5111,2.0192,0,317,631,4345
131,2,0.1553,1.4121,2.0969,0,317,631,4345
131,3,0,1.9055,2.071,0,323,611,4345
131,4,3.4056,5.1376,-3.1928,0,203,840,4345
131,5,1.6108,1.8359,-0.9665,-1.9656,192,611,4345
131,6,1.8984,2.4452,0,-0.9828,276,634,4345
132,1,0.1553,1.4121,2.0969,0,302,645,4378
132,2,0,1.9055,2.071,0,310,626,4378
132,3,3.4056,5.1376,-3.1928,0,201,840,4378
132,4,1.7834,2.2814,-0.2675,-0.9828,253,634,4378
132,5,1.6625,2.7148,0.1956,-0.9828,193,692,4378
133,1,0.233,1.5111,2.0192,0,299,647,4411
133,2,0.0805,1.471,2.1745,0,307,639,4411
133,3,0,1.9055,2.071,0,283,652,4411
133,4,3.4056,5.1376,-3.1928,0,211,832,4411
133,5,1.8409,2.355,0.2761,-1.4742,277,611,4411
133,6,1.6625,2.7148,0.1956,-0.9828,221,656,4411
134,1,0.1553,1.4121,2.0969,0,310,636,4444
134,2,0.0863,1.9933,1.9847,0,298,637,4444
134,3,0,1.9055,2.071,0,298,637,4444
134,4,3.4056,5.1376,-3.1928,0,203,838,4444
134,5,1.6395,2.2857,-0.0863,-1.4742,217,641,4444
135,1,0.233,1.5111,2.0192,0,312,638,4479
135,2,0,1.9055,2.071,0,312,622,4479
135,3,3.4056,5.264,-2.9799,0,206,839,4479
135,4,1.6942,2.3619,0.0892,-0.9828,235,639,4479
136,1,0.1553,1.4121,2.0969,0,327,623,4512
136,2,0,1.9055,2.071,0,246,687,4512
136,3,3.4056,5.1376,-3.1928,0,208,839,4512
136,4,1.5849,2.1968,-0.2502,-1.4742,279,600,4512
136,5,1.6568,2.5032,0,-0.9828,303,635,4512
137,1,0.0805,1.471,2.1745,0,290,656,4546
137,2,0,1.9055,2.071,0,252,684,4546
137,3,3.6185,4.99,-3.1928,0,203,839,4546
137,4,1.5532,2.3468,0,-0.9828,319,604,4546
138,1,0.0805,1.471,2.1745,0,285,663,4579
138,2,0.0863,1.9933,1.9847,0,248,688,4579
138,3,3.4056,5.1376,-3.1928,0,198,838,4579
138,4,1.5015,2.2439,-0.3337,-1.4742,302,606,4579
138,5,4.7115,4.7784,-2.9166,-1.4742,153,596,4579
138,6,-6.282,3.7246,0.4487,-1.4742,153,596,4579
138,7,1.5647,2.5468,-0.2761,-0.9828,236,663,4579
139,1,1.4957,1.6632,-0.9722,0,340,649,4612
139,2,0,1.9055,2.071,0,232,702,4612
139,3,3.4056,5.1376,-3.1928,0,205,834,4612
139,4,1.2886,2.266,-0.3222,-1.9656,281,608,4612
139,5,2.4162,0.5257,0.8859,-1.9656,281,608,4612
139,6,1.5158,2.4753,0.1783,-0.9828,251,656,4612
140,1,1.5705,1.6749,-0.8226,0,310,638,4646
140,2,0.0805,1.471,2.1745,0,303,641,4646
140,3,0,1.9952,1.9847,0,241,695,4646
140,4,0,1.9055,2.071,0,241,695,4646
140,5,3.6185,4.99,-3.1928,0,206,833,4646
140,6,1.8725,1.9507,-1.07,-2.4569,240,563,4646
140,7,1.5302,2.1104,-0.3222,-0.9828,318,628,4646
140,8,1.3375,2.5683,0.2675,-0.9828,281,662,4646
141,1,0.0805,1.471,2.1745,0,310,633,4678
141,2,0,1.9055,2.071,0,247,686,4678
141,3,3.4056,5.1376,-3.1928,0,203,837,4678
141,4,1.5705,3.0176,1.3461,-1.4742,175,624,4678
141,5,1.4756,2.0216,-0.3883,-0.9828,313,627,4678
141,6,1.5158,2.4801,0.0892,-0.9828,261,685,4678
142,1,0.0805,1.471,2.1745,0,303,644,4711
142,2,1.1275,1.482,-1.8524,0,303,644,4711
142,3,3.4056,5.1376,-3.1928,0,195,845,4711
142,4,1.4957,1.8313,-0.5983,-1.4742,284,617,4711
142,5,1.5158,2.4801,0.0892,-0.9828,314,640,4711
143,1,0.1611,1.5774,2.094,0,308,640,4746
143,2,3.4056,5.1376,-3.1928,0,200,838,4746
143,3,1.467,2.4001,0.0863,-0.9828,335,642,4746
144,1,0.233,1.6097,1.9416,0,296,655,4778
144,2,1.1649,1.2585,-1.8639,0,296,655,4778
144,3,3.4056,5.264,-2.9799,0,217,836,4778
144,4,1.4756,1.748,-1.0873,-2.9483,260,577,4778
144,5,1.2225,1.9169,-0.5753,-1.4742,322,610,4778
144,6,1.467,2.4001,0.0863,-0.9828,327,669,4778
144,7,1.5101,1.6996,-0.5753,-0.4914,234,671,4778
145,1,0.233,1.5111,2.0192,0,303,650,4812
145,2,3.3596,5.1928,-2.9397,0,210,833,4812
145,3,1.4957,1.6632,-0.9722,-2.9483,328,558,4812
145,4,1.3807,2.4507,0.0863,-0.9828,314,660,4812
146,1,0.1553,1.2893,2.1745,0,302,648,4846
146,2,1.3203,1.4185,-1.6309,0,302,648,4846
146,3,0,1.9055,2.071,0,233,701,4846
146,4,3.6185,4.99,-3.1928,0,210,836,4846
146,5,1.1736,1.5721,-1.1045,-3.4397,275,562,4846
146,6,1.4382,1.675,-0.791,-1.9656,383,568,4846
146,7,1.1908,1.7685,-0.3308,-0.9828,247,607,4846
146,8,1.3461,2.0325,-0.0748,-0.9828,386,603,4846
146,9,1.5015,2.267,0.0834,-0.9828,233,684,4846
147,1,0.233,1.4014,2.0969,0,344,605,4879
147,2,0,1.9055,2.071,0,248,684,4879
147,3,3.3596,5.1928,-2.9397,0,183,836,4879
147,4,1.2425,1.7716,-0.6213,-1.4742,372,593,4879
147,5,1.2714,2.0814,0,-0.9828,358,603,4879
148,1,0.233,1.5111,2.0192,0,310,638,4912
148,2,0,1.9055,2.071,0,234,700,4912
148,3,2.373,5.779,-3.2359,0,167,842,4912
148,4,1.1247,1.7423,-0.5954,-1.9656,349,577,4912
148,5,1.2225,1.9806,-0.2876,-0.9828,395,618,4912
148,6,1.3346,2.3646,0.1668,-0.9828,285,681,4912
149,1,0.0805,1.471,2.1745,0,304,641,4945
149,2,0,1.9055,2.071,0,266,667,4945
149,3,2.373,5.8946,-3.0202,0,182,837,4945
149,4,1.1045,1.9508,-0.2071,-0.9828,298,629,4945
149,5,1.2081,2.3309,0.0805,-0.9828,280,688,4945
150,1,0.233,1.5111,2.0192,0,321,627,4979
150,2,0,1.9055,2.071,0,246,690,4979
150,3,2.5887,5.6856,-3.2359,0,176,836,4979
150,4,0.8859,1.565,-1.0125,-1.9656,290,601,4979
150,5,1.2425,1.857,-0.2761,-0.9828,420,627,4979
150,6,1.2081,2.3309,0.0805,-0.9828,284,708,4979
151,1,0.233,1.5111,2.0192,0,305,643,5012
151,2,0,1.9055,2.071,0,241,694,5012
151,3,1.1908,1.7685,-0.3308,-0.9828,453,617,5012
151,4,1.2081,2.3267,0.1611,-0.9828,224,701,5012
152,1,0.233,1.5111,2.0192,0,200,749,5045
152,2,0,1.9055,2.071,0,153,782,5045
152,3,3.7278,4.8286,-2.8994,0,183,838,5045
152,4,2.5887,5.5573,-3.4517,0,155,834,5045
152,5,5.8247,3.8506,-0.8629,0,155,834,5045
152,6,1.1908,1.7685,-0.3308,-0.9828,432,636,5045
152,7,1.2425,2.1947,0.233,-0.9828,261,701,5045
152,8,0.6903,1.4446,-0.978,-0.4914,216,660,5045
152,9,1.1506,1.4808,-0.0575,-0.4914,216,660,5045
153,1,0.0805,1.471,2.1745,0,150,792,5078
153,2,1.2081,1.5166,-1.7718,0,150,792,5078
153,3,4.0845,4.277,-3.0632,0,180,862,5078
153,4,2.9799,5.5161,-2.9799,0,177,830,5078
153,5,1.257,1.7335,-0.2646,-0.9828,412,647,5078
153,6,1.0096,2.302,0.3106,-0.9828,317,695,5078
153,7,0.6903,1.5162,-0.8629,-0.4914,235,676,5078
154,1,0.1553,1.5211,2.0192,0,166,783,5112
154,2,2.9799,5.5161,-2.9799,0,181,830,5112
154,3,1.139,1.663,-0.443,-1.4742,379,622,5112
155,1,3.3596,5.1928,-2.9397,0,171,834,5145
155,2,1.0873,1.6147,-0.302,-1.4742,314,637,5145
155,3,0.9923,1.9055,0.1985,-0.9828,364,624,5145
155,4,0.7248,1.7669,-0.4832,-0.4914,316,658,5145
155,5,1.5705,1.1326,0.3624,-0.4914,316,658,5145
156,1,0.1553,1.4121,2.0969,0,163,784,5179
156,2,1.3203,1.2171,-1.7862,0,163,784,5179
156,3,4.2887,3.9102,-3.2676,0,150,863,5179
156,4,3.4056,5.264,-2.9799,0,161,832,5179
156,5,1.0269,1.6416,-0.3624,-1.9656,459,569,5179
156,6,0.9923,1.9112,0.1323,-0.9828,355,609,5179
156,7,1.047,2.2016,0.0748,-0.9828,208,679,5179
156,8,0.9492,1.8314,0.0633,-0.4914,301,656,5179
157,1,0.233,1.5111,2.0192,0,183,769,5212
157,2,3.5207,5.0965,-2.6923,0,202,842,5212
157,3,1.2685,1.4057,-0.5436,-1.4742,280,615,5212
157,4,0.9492,1.8314,0.0633,-0.9828,324,606,5212
157,5,0.7248,1.7492,-0.5436,-0.4914,286,663,5212
158,1,4.2887,3.9102,-3.2676,0,158,861,5246
158,2,0.978,1.5634,-0.3452,-1.9656,370,601,5246
158,3,1.2225,1.8058,-0.8629,-1.9656,231,549,5246
158,4,0.9492,1.8325,0,-0.9828,342,610,5246
158,5,0.8054,1.6134,-0.5177,-0.4914,357,657,5246
159,1,0.8054,1.5719,-0.6328,0,349,702,5278
159,2,3.3596,5.3062,-2.7297,0,202,833,5278
159,3,1.1908,1.5425,-0.9262,-2.9483,332,577,5278
159,4,0.8744,1.5289,-0.2733,-1.4742,302,602,5278
160,1,0.8054,1.5719,-0.6328,0,324,708,5311
160,2,4.0845,4.1231,-3.2676,0,156,861,5311
160,3,1.139,1.4754,-0.8859,-2.9483,307,586,5311
160,4,0.1898,1.041,-1.7718,-2.9483,307,586,5311
161,1,0.7479,1.6216,-0.5753,0,341,691,5345
161,2,3.5696,4.9226,-3.1496,0,189,833,5345
161,3,1.0269,1.4161,-0.9061,-3.4397,295,561,5345
161,4,0.978,1.4157,-0.7479,-2.9483,283,568,5345
161,5,0.9061,1.592,-0.7248,-2.4569,295,569,5345
161,6,0.7277,1.992,0.3969,-0.4914,293,662,5345
162,1,2.5887,5.6856,-3.2359,0,167,836,5379
162,2,0.8198,1.4142,-0.7105,-3.4397,260,588,5379
162,3,0.8629,1.4886,-0.7479,-2.9483,276,570,5379
162,4,0.8629,1.6011,-0.4602,-0.4914,363,665,5379
162,5,0.6903,2.0877,0.4832,-0.4914,179,746,5379
163,1,2.7671,5.6259,-2.9799,0,183,829,5412
163,2,0.8802,1.2741,-0.6731,-1.9656,214,604,5412
163,3,0.8054,1.6699,-0.2876,-0.4914,349,668,5412
164,1,0.5465,1.4853,-0.8198,0,165,715,5446
164,2,0.1553,1.4121,2.0969,0,165,782,5446
164,3,0.6357,1.3172,-0.6357,-2.9483,380,579,5446
164,4,0.4257,3.385,-0.6386,-1.9656,168,581,5446
164,5,1.8092,2.7209,1.1707,-1.9656,168,581,5446
164,6,0.6357,1.4093,-0.3912,-0.9828,322,626,5446
164,7,0.7594,1.881,0.3797,-0.9828,262,670,5446
165,1,3.4056,5.1376,-3.1928,0,195,842,5479
165,2,0.3452,1.1501,-0.7335,-3.4397,227,586,5479
165,3,0.5983,1.28,-0.5062,-1.9656,377,615,5479
165,4,0.2071,3.3307,-0.5177,-1.9656,272,588,5479
165,5,1.7603,2.7271,0.9319,-1.9656,272,588,5479
165,6,0.5379,1.4885,-0.1956,-0.9828,360,621,5479
165,7,0.6961,1.8757,0.5062,-0.9828,297,682,5479
166,1,3.1928,5.3957,-2.9799,0,209,840,5511
166,2,0.7479,1.5496,-0.7479,0.4914,300,650,5511
166,3,0.2416,1.1186,-0.6443,-2.9483,217,612,5511
166,4,-0.3222,0.4019,-1.2081,-2.9483,217,612,5511
166,5,0.5062,1.28,-0.5983,-1.9656,287,614,5511
166,6,0.5293,2.0748,0.2646,-0.9828,254,675,5511
166,7,0.5868,1.4699,-0.1956,-0.4914,223,697,5511
166,8,0.8629,1.6409,-0.2876,-0.4914,328,694,5511
167,1,3.4056,5.1376,-3.1928,0,207,838,5544
167,2,0.4315,1.2352,-0.5177,-1.4742,388,574,5544
167,3,0.5436,1.773,0.6644,-0.9828,322,638,5544
167,4,0.4631,2.0906,0.2646,-0.4914,174,742,5544
168,1,3.3596,5.1928,-2.9397,0,172,841,5579
168,2,0.1122,1.077,-0.5609,-0.9828,279,622,5579
168,3,0.5062,1.3941,-0.2301,-0.9828,356,616,5579
168,4,0.7479,1.6409,-0.5177,-0.4914,245,779,5579
169,1,3.3596,5.1928,-2.9397,0,181,841,5612
169,2,0.6903,1.6827,0.4602,-0.9828,371,655,5612
169,3,0.2416,1.197,-0.4832,-0.4914,204,754,5612
169,4,0.3969,2.0833,0.3969,-0.4914,165,848,5612
170,1,3.1496,5.4335,-2.7297,0,202,844,5645
170,2,0.6846,1.4194,0.2445,-1.4742,324,631,5645
170,3,0.4602,1.4279,-0.046,-0.9828,290,662,5645
170,4,0.5465,1.693,0.1093,-0.9828,325,663,5645
171,1,3.3596,5.1928,-2.9397,0,202,844,5679
171,2,0.0374,1.0822,-0.5609,0.4914,157,729,5679
171,3,0.5177,1.6072,0,-0.9828,389,634,5679
171,4,0.2819,1.2178,-0.4027,-0.4914,205,750,5679
171,5,0.2531,2.0127,0.3797,-0.4914,194,846,5679
171,6,0.2531,1.9997,0.443,-0.4914,194,846,5679
172,1,3.3596,5.0682,-3.1496,0,210,835,5712
172,2,3.6185,4.99,-3.1928,0,209,836,5712
172,3,0.4602,1.4256,0.092,-0.9828,267,607,5712
172,4,0.2819,1.2304,-0.3624,-0.4914,193,757,5712
172,5,-0.2819,0.8874,-0.9262,-0.4914,193,757,5712
173,1,3.4056,5.264,-2.9799,0,227,835,5745
173,2,0.6558,1.4404,-0.8198,-0.9828,319,651,5745
173,3,0.2589,1.3723,-0.1726,-0.4914,218,720,5745
174,1,0.2013,1.2045,-0.4832,0,214,813,5778
174,2,3.4056,5.1376,-3.1928,0,220,840,5778
174,3,0.2934,1.5297,0.3423,-0.4914,201,739,5778
175,1,0.2416,1.2265,-0.4027,0,303,812,5812
175,2,3.1928,5.2726,-3.1928,0,243,840,5812
175,3,0.3106,1.5769,0.5177,-0.4914,206,778,5812
176,1,0.2416,1.2808,-0.1611,0,279,807,5845
176,2,3.4056,5.1376,-3.1928,0,224,838,5845
176,3,0.6558,1.4973,-0.7105,-1.9656,350,575,5845
177,1,0.1611,1.3009,-0.0805,0,246,802,5878
177,2,3.4056,5.1376,-3.1928,0,233,829,5878
177,3,0.466,1.4251,-0.7766,-2.4569,378,583,5878
177,4,0.2733,1.5289,0.8744,-0.4914,168,800,5878
178,1,0.2618,1.1425,-0.3365,0,264,766,5911
178,2,-0.2244,0.835,-0.86,0,264,766,5911
178,3,-0.1726,1.8976,2.071,0,169,766,5911
178,4,3.4056,5.1376,-3.1928,0,213,836,5911
178,5,0.2934,1.4101,-0.6846,-1.9656,375,591,5911
178,6,0.0431,1.4005,-0.1294,-0.9828,381,668,5911
179,1,0.2416,1.2808,-0.1611,0,318,791,5945
179,2,3.4056,5.1376,-3.1928,0,211,834,5945
179,3,0.3912,1.3609,-0.7335,-2.4569,243,611,5945
180,1,0.187,1.1027,-0.4861,0,308,740,5978
180,2,0.1726,1.9877,1.9847,0,211,740,5978
180,3,3.4056,5.1376,-3.1928,0,215,836,5978
180,4,0.1294,1.3331,-0.4315,-1.4742,379,627,5978
181,1,0.187,1.1905,-0.187,0,261,767,6011
181,2,0,1.9952,1.9847,0,161,767,6011
181,3,3.4056,5.1376,-3.1928,0,214,837,6011
181,4,0.0403,1.2205,-0.4832,-1.4742,434,629,6011
181,5,-0.5235,0.5182,-1.0873,-1.4742,434,629,6011
181,6,-1.838,6.3723,-0.6127,-1.4742,154,585,6011
181,7,-0.1726,1.3905,0.1294,-0.4914,296,753,6011
182,1,0.0403,0.5995,1.1678,0,267,760,6046
182,2,0.4832,0.9518,-0.7651,0,267,760,6046
182,3,0.3452,1.9651,1.9847,0,199,744,6046
182,4,3.4056,5.1376,-3.1928,0,203,840,6046
182,5,0.1294,1.284,-0.5609,0.9828,304,607,6046
182,6,0.0518,1.6064,0.5177,-1.4742,179,609,6046
182,7,-0.2416,1.25,-0.3222,-0.9828,410,616,6046
182,8,0.3222,1.2416,0.2819,-0.9828,410,616,6046
183,1,0.2618,1.0699,-0.5235,0,311,759,6078
183,2,-0.0863,1.9933,1.9847,0,193,759,6078
183,3,3.4056,5.1376,-3.1928,0,203,844,6078
183,4,-0.046,1.4419,-0.4142,0.9828,249,603,6078
183,5,-0.6903,0.8098,-1.0585,0.9828,249,603,6078
183,6,-0.164,1.7613,0.2186,-1.9656,179,602,6078
183,7,-0.1035,1.6565,0.3106,-1.4742,160,628,6078
183,8,-0.1208,1.2921,-0.2013,-0.9828,497,602,6078
183,9,-0.1294,1.3951,0.1294,-0.4914,362,725,6078
184,1,0.2589,1.9783,1.9847,0,251,718,6111
184,2,-1.8696,4.1023,-1.2944,0,151,851,6111
184,3,3.1928,5.3957,-2.9799,0,222,834,6111
184,4,0.1496,1.1727,-0.2991,-0.4914,335,756,6111
184,5,-0.2991,0.8112,-0.86,-0.4914,335,756,6111
185,1,0.1611,1.4644,2.1745,0,190,758,6144
185,2,-0.1726,1.9877,1.9847,0,237,718,6144
185,3,3.6185,4.99,-3.1928,0,198,838,6144
185,4,0.0748,1.2166,0.0374,-0.4914,354,742,6144
185,5,-0.3365,1.0828,-0.4487,-0.4914,354,742,6144
186,1,-0.3365,1.1425,-0.2618,0,346,730,6178
186,2,0.0805,1.471,2.1745,0,168,778,6178
186,3,0,1.9055,2.071,0,210,730,6178
186,4,3.5696,4.9226,-3.1496,0,195,843,6178
187,1,0,1.9952,1.9847,0,180,753,6212
187,2,3.6185,4.99,-3.1928,0,216,830,6212
187,3,-0.0748,1.1799,-0.2991,-0.4914,314,753,6212
188,1,-0.0863,1.9933,1.9847,0,157,765,6245
188,2,3.6185,4.99,-3.1928,0,210,831,6245
188,3,-0.1496,0.6071,1.047,-0.4914,311,743,6245
188,4,0.2244,0.9919,-0.6731,-0.4914,311,743,6245
188,5,0.187,1.0238,-0.6357,-0.4914,311,743,6245
189,1,0.1726,1.9877,1.9847,0,159,769,6278
189,2,3.8313,4.6808,-3.4056,0,201,835,6278
189,3,-0.0748,1.208,-0.1496,-0.4914,423,733,6278
190,1,0.0805,1.471,2.1745,0,186,761,6311
190,2,-0.1726,1.8976,2.071,0,217,709,6311
190,3,3.8313,4.6808,-3.4056,0,199,840,6311
190,4,-0.1351,1.1167,-0.0338,-0.9828,486,632,6311
191,1,-0.5235,1.036,-0.3739,0,319,729,6344
191,2,-0.1496,1.1893,0.2244,0,319,729,6344
191,3,-0.1122,1.1934,0.2244,0,319,729,6344
191,4,0,1.9055,2.071,0,237,729,6344
191,5,3.6185,4.99,-3.1928,0,225,820,6344
191,6,-0.2761,1.0864,0.1035,-0.9828,415,636,6344
192,1,-0.5609,1.0725,-0.1496,0,296,745,6378
192,2,0.1553,1.4121,2.0969,0,155,790,6378
192,3,-0.0863,1.9933,1.9847,0,208,745,6378
192,4,3.6185,4.8473,-3.4056,0,214,828,6378
193,1,-0.4113,1.0718,-0.4113,0,290,739,6411
193,2,0.233,1.5111,2.0192,0,158,789,6411
193,3,1.3203,1.2171,-1.7862,0,158,789,6411
193,4,0,1.9055,2.071,0,196,739,6411
193,5,3.6185,4.8473,-3.4056,0,227,816,6411
194,1,0.233,1.5111,2.0192,0,184,762,6446
194,2,-0.0863,1.9035,2.071,0,226,727,6446
194,3,3.6185,4.8473,-3.4056,0,214,828,6446
194,4,-0.1726,1.0776,-0.2761,-0.4914,405,679,6446
195,1,-0.5235,1.06,-0.2991,0,386,705,6478
195,2,0.233,1.5111,2.0192,0,187,759,6478
195,3,-0.0863,1.9933,1.9847,0,243,705,6478
195,4,3.6185,4.99,-3.1928,0,220,826,6478
195,5,-0.1351,1.0507,-0.3797,-0.9828,442,631,6478
195,6,-0.1726,1.0575,-0.3452,-0.9828,442,631,6478
196,1,-0.4832,1.0073,-0.1351,0,402,722,6511
196,2,0.0805,1.471,2.1745,0,196,755,6511
196,3,3.6185,4.99,-3.1928,0,216,828,6511
197,1,-0.4487,1.0114,-0.2071,0,385,726,6545
197,2,0.1611,1.4644,2.1745,0,205,742,6545
197,3,-0.1726,1.9877,1.9847,0,203,712,6545
197,4,3.6185,4.99,-3.1928,0,232,813,6545
197,5,-0.4861,1.0777,-0.2991,-1.4742,259,581,6545
198,1,-0.5379,0.8715,-0.1266,0,225,793,6578
198,2,-0.6731,0.9996,0.187,0,235,746,6578
198,3,-0.2244,0.9919,0.6731,0,235,746,6578
198,4,3.6185,4.99,-3.1928,0,216,828,6578
199,1,-0.5609,1.0507,-0.2618,0,374,736,6611
199,2,0.0805,1.471,2.1745,0,157,793,6611
199,3,3.6185,4.99,-3.1928,0,217,827,6611
199,4,4.6511,4.845,-2.6578,1.4742,155,588,6611
199,5,-4.6511,4.5746,-3.1007,1.4742,155,588,6611
199,6,-1.3289,7.0687,-0.6644,1.4742,155,588,6611
200,1,-0.3365,1.0487,-0.5235,0,282,750,6647
200,2,3.6185,4.99,-3.1928,0,213,831,6647
200,3,-0.7248,0.8501,-0.1351,0.4914,371,713,6647
201,1,-0.5609,1.0594,-0.2244,0,338,711,6678
201,2,0.233,1.5111,2.0192,0,156,792,6678
201,3,-0.0863,1.9035,2.071,0,229,711,6678
201,4,3.8313,4.6808,-3.4056,0,212,833,6678
201,5,-0.6903,0.8784,-0.1351,0.4914,376,664,6678
201,6,-0.6846,1.0847,-0.2819,1.4742,307,590,6678
202,1,-0.4861,1.0541,-0.3739,0,353,723,6711
202,2,0.1726,1.8976,2.071,0,216,723,6711
202,3,3.6185,4.99,-3.1928,0,214,832,6711
202,4,-0.8198,1.0757,-0.3883,1.9656,223,588,6711
203,1,-0.5609,0.9479,-0.5235,0,327,727,6744
203,2,0.0805,1.471,2.1745,0,182,768,6745
203,3,3.6185,4.99,-3.1928,0,210,834,6745
204,1,-0.5235,1.06,-0.2991,0,365,713,6778
204,2,0.233,1.5111,2.0192,0,172,777,6778
204,3,3.6185,4.99,-3.1928,0,197,849,6778
205,1,0.0805,1.3443,2.2551,0,205,744,6812
205,2,3.6185,4.99,-3.1928,0,196,847,6812
205,3,-0.7853,0.8956,0.2618,0.4914,447,667,6812
206,1,-0.5983,1.0387,-0.2244,0,427,692,6845
206,2,0.0805,1.471,2.1745,0,225,723,6845
206,3,-1.7258,4.1648,-1.2944,0,157,835,6845
206,4,3.6185,4.99,-3.1928,0,198,846,6845
207,1,0.0805,1.471,2.1745,0,212,736,6878
207,2,-0.1726,1.9877,1.9847,0,240,687,6878
207,3,3.6185,4.99,-3.1928,0,199,845,6878
207,4,-0.7479,0.9567,0.1122,0.4914,444,675,6878
208,1,0.233,1.5111,2.0192,0,184,763,6911
208,2,0.1553,1.4121,2.0969,0,184,763,6911
208,3,-0.0863,1.9035,2.071,0,219,711,6911
208,4,3.6185,4.99,-3.1928,0,201,843,6911
208,5,-0.9348,0.7605,0.187,0.4914,367,689,6911
209,1,0.233,1.5111,2.0192,0,170,777,6946
209,2,-0.1726,1.8976,2.071,0,239,690,6946
209,3,-1.7258,4.1648,-1.2944,0,157,839,6946
209,4,3.6185,4.99,-3.1928,0,204,840,6946
209,5,-1.047,0.741,0.2819,0.4914,338,683,6946
210,1,0.233,1.5111,2.0192,0,206,740,6979
210,2,0.1726,1.9877,1.9847,0,282,656,6979
210,3,-1.582,4.1747,-1.4382,0,151,841,6979
210,4,3.4056,5.1376,-3.1928,0,202,840,6979
210,5,-0.8226,0.8932,-0.1122,0.4914,361,682,6979
211,1,0.1553,1.4121,2.0969,0,204,742,7011
211,2,-0.0863,1.9035,2.071,0,289,649,7011
211,3,-1.7258,4.1648,-1.2944,0,168,833,7011
211,4,3.4056,5.1376,-3.1928,0,205,837,7011
211,5,-0.9665,0.8661,0.2013,0.4914,377,663,7011
212,1,0.1553,1.4121,2.0969,0,183,763,7046
212,2,0,1.9055,2.071,0,271,666,7046
212,3,3.4056,5.1376,-3.1928,0,203,839,7046
212,4,-0.9262,0.8992,0.2416,0.4914,252,684,7046
212,5,-1.1045,0.9472,0.3682,0.4914,227,717,7046
212,6,-0.4142,1.0276,1.0125,0.4914,227,717,7046
212,7,-1.0786,0.8775,0.2157,0.9828,337,597,7046
213,1,-1.0067,0.8395,0.0805,0,294,690,7079
213,2,0.233,1.5111,2.0192,0,189,758,7079
213,3,0.1726,1.9877,1.9847,0,272,670,7079
213,4,3.4056,5.1376,-3.1928,0,200,842,7079
213,5,-1.0125,1.0276,0.4142,0.4914,270,702,7079
214,1,-0.8859,0.8992,0.3624,0,240,692,7111
214,2,1.2483,0.3286,-0.2416,0,240,692,7111
214,3,0.233,1.5111,2.0192,0,187,760,7111
214,4,3.4056,5.1376,-3.1928,0,201,840,7111
214,5,-0.9262,0.8992,-0.2416,0.9828,314,618,7111
215,1,-1.2081,0.4741,-0.2013,0,272,669,7146
215,2,0.233,1.5111,2.0192,0,254,694,7146
215,3,0,1.9055,2.071,0,290,644,7146
215,4,3.4056,5.1376,-3.1928,0,198,844,7146
216,1,1.2081,0.5007,-0.1208,0,232,687,7178
216,2,-0.8054,0.938,0.443,0,232,687,7178
216,3,0.233,1.5111,2.0192,0,202,745,7178
216,4,0.1553,1.4121,2.0969,0,202,745,7178
216,5,-0.0863,1.9035,2.071,0,266,664,7178
216,6,3.4056,5.1376,-3.1928,0,197,845,7178
216,7,-0.9061,0.9663,0.4746,0.4914,195,720,7178
217,1,-1.1678,0.5661,-0.2013,0,168,662,7212
217,2,-0.8054,0.938,0.443,0,168,662,7212
217,3,0.233,1.5111,2.0192,0,227,720,7212
217,4,-0.0863,1.9035,2.071,0,284,649,7212
217,5,3.4056,5.1376,-3.1928,0,197,846,7212
217,6,-0.8284,0.9769,0.7824,0.4914,158,704,7212
217,7,-1.4727,0.2746,0.092,0.4914,158,704,7212
218,1,-0.9665,0.8856,-0.0805,0,197,679,7245
218,2,0.9665,0.5675,-0.6846,0,197,679,7245
218,3,0.233,1.5111,2.0192,0,218,730,7245
218,4,0,1.9055,2.071,0,277,657,7245
218,5,3.4056,5.1376,-3.1928,0,198,844,7245
218,6,1.4267,0.457,-0.092,1.4742,247,584,7245
218,7,-0.8744,1.0877,0.5405,1.4742,247,584,7245
219,1,-1.1275,0.6426,-0.2013,0,233,694,7278
219,2,0.233,1.5111,2.0192,0,192,756,7278
219,3,0,1.9055,2.071,0,246,686,7278
219,4,3.4056,5.1376,-3.1928,0,203,840,7278
219,5,-1.1247,0.8162,0.7824,0.9828,305,595,7278
219,6,1.4181,0.7296,0,0.9828,305,595,7278
219,7,-1.3692,0.7802,-0.2445,1.9656,288,585,7278
220,1,-0.9348,0.7237,-0.2991,0,151,683,7312
220,2,0.233,1.5111,2.0192,0,200,747,7312
220,3,0,1.9055,2.071,0,251,683,7312
220,4,3.4056,5.1376,-3.1928,0,206,837,7312
220,5,-1.3692,0.8118,0.0978,0.4914,176,720,7312
221,1,-1.0873,0.7188,-0.1611,0,221,688,7345
221,2,0.233,1.5111,2.0192,0,191,755,7345
221,3,0,1.9055,2.071,0,258,678,7345
221,4,3.4056,5.1376,-3.1928,0,200,842,7345
222,1,-1.1678,0.5788,-0.1611,0,171,720,7378
222,2,0.1553,1.4121,2.0969,0,193,754,7378
222,3,-0.0863,1.9035,2.071,0,227,705,7378
222,4,3.4056,5.1376,-3.1928,0,203,839,7378
223,1,-1.1275,0.6538,-0.1611,0,203,740,7411
223,2,0.1553,1.4121,2.0969,0,168,780,7411
223,3,0,1.9055,2.071,0,211,727,7411
223,4,3.4056,5.1376,-3.1928,0,202,840,7411
223,5,-1.5015,0.652,0.4142,0.4914,157,724,7411
224,1,0.233,1.5111,2.0192,0,209,738,7444
224,2,0.1553,1.4121,2.0969,0,209,738,7444
224,3,0,1.9055,2.071,0,248,687,7444
224,4,3.4056,5.1376,-3.1928,0,198,845,7444
224,5,-1.2081,0.5007,-0.1208,0.4914,194,711,7444
225,1,0.233,1.5111,2.0192,0,150,797,7479
225,2,0.1553,1.4121,2.0969,0,150,797,7479
225,3,0,1.9055,2.071,0,173,761,7479
225,4,3.4056,5.1376,-3.1928,0,203,840,7479
225,5,-1.1506,0.8469,0.4602,0.9828,204,668,7479
226,1,0.1553,1.4121,2.0969,0,177,771,7512
226,2,0,1.9055,2.071,0,175,759,7512
226,3,3.4056,5.1376,-3.1928,0,203,839,7512
226,4,-1.4497,1.2836,0.3624,0.4914,187,734,7512
226,5,-1.1506,0.8202,0.5062,0.9828,213,628,7512
227,1,0.1553,1.4121,2.0969,0,189,758,7544
227,2,0,1.9055,2.071,0,201,735,7544
227,3,3.4056,5.1376,-3.1928,0,202,840,7544
227,4,-1.4497,1.265,0.4228,0.4914,164,744,7544
227,5,-1.2714,0.723,0.6357,0.9828,198,633,7544
228,1,0.1553,1.4121,2.0969,0,199,748,7579
228,2,0,1.9055,2.071,0,210,724,7579
228,3,3.4056,5.1376,-3.1928,0,202,840,7579
228,4,-1.4497,1.1197,0.7248,0.4914,166,684,7579
228,5,-1.3979,0.793,0.5177,0.9828,232,609,7579
229,1,0.233,1.5111,2.0192,0,186,761,7612
229,2,0,1.9055,2.071,0,173,761,7612
229,3,3.4056,5.1376,-3.1928,0,204,838,7612
229,4,-1.5101,1.1923,0.4228,0.4914,223,695,7612
230,1,0.233,1.5111,2.0192,0,204,743,7645
230,2,0,1.9055,2.071,0,195,739,7645
230,3,3.4056,5.1376,-3.1928,0,201,841,7645
230,4,-1.4497,1.265,0.4228,0.4914,190,688,7645
230,5,-1.4756,0.899,0.4372,0.9828,222,620,7645
231,1,0.233,1.5111,2.0192,0,230,717,7679
231,2,0,1.9055,2.071,0,212,723,7679
231,3,3.4056,5.1376,-3.1928,0,200,842,7679
231,4,-1.5187,1.3024,0.5062,0.4914,199,664,7679
231,5,-1.3807,0.2681,-0.0431,1.4742,164,619,7679
232,1,0.233,1.5111,2.0192,0,202,745,7711
232,2,1.3203,1.2171,-1.7862,0,202,745,7711
232,3,0,1.9055,2.071,0,196,739,7711
232,4,3.4056,5.1376,-3.1928,0,201,842,7711
232,5,-1.5532,0.9941,0.3452,0.4914,195,685,7711
232,6,-1.4756,0.9236,0.3826,1.4742,245,610,7711
233,1,0.233,1.5111,2.0192,0,249,698,7744
233,2,0,1.9055,2.071,0,243,692,7744
233,3,3.4056,5.1376,-3.1928,0,201,842,7744
233,4,-1.7086,1.1135,0.3164,0.9828,219,599,7744
233,5,-1.7258,0.6159,0.4027,1.4742,230,584,7744
234,1,0.233,1.5111,2.0192,0,236,711,7779
234,2,0,1.9055,2.071,0,221,714,7779
234,3,3.4056,5.1376,-3.1928,0,200,843,7779
234,4,-1.5532,1.0268,0.2301,0.4914,183,643,7779
234,5,-1.582,1.2248,0.5062,0.4914,180,635,7779
235,1,0.233,1.5111,2.0192,0,248,699,7812
235,2,0,1.9055,2.071,0,209,726,7812
235,3,3.4056,5.1376,-3.1928,0,203,839,7812
235,4,-1.7862,1.0133,0.6616,0.4914,194,655,7812
235,5,-1.5532,0.9161,0.5177,0.9828,267,614,7812
236,1,0.233,1.5111,2.0192,0,229,719,7844
236,2,0,1.9055,2.071,0,245,690,7844
236,3,3.4056,5.1376,-3.1928,0,202,840,7844
237,1,-1.5878,1.2263,0.7939,0,181,671,7879
237,2,0.1553,1.4121,2.0969,0,204,743,7879
237,3,3.4056,5.1376,-3.1928,0,201,841,7879
237,4,-1.5705,1.1326,0.3624,0.4914,252,637,7879
238,1,0.233,1.5111,2.0192,0,212,735,7912
238,2,0,1.9055,2.071,0,182,752,7912
238,3,3.4056,5.1376,-3.1928,0,204,839,7912
238,4,-1.6913,0.9428,0.3624,0.4914,209,642,7912
239,1,0.233,1.5111,2.0192,0,228,719,7945
239,2,0.1553,1.4121,2.0969,0,228,719,7945
239,3,0,1.9055,2.071,0,218,716,7945
239,4,3.4056,5.1376,-3.1928,0,202,841,7945
240,1,0.0805,1.471,2.1745,0,207,740,7978
240,2,0,1.9055,2.071,0,205,730,7978
240,3,3.4056,5.1376,-3.1928,0,203,840,7978
240,4,-1.6309,0.9936,0.4832,0.4914,198,640,7978
241,1,0.233,1.5111,2.0192,0,229,719,8012
241,2,0,1.9055,2.071,0,217,717,8012
241,3,3.4056,5.1376,-3.1928,0,203,840,8012
241,4,-1.6913,0.9428,0.3624,0.4914,191,631,8012
242,1,0.233,1.5111,2.0192,0,224,724,8044
242,2,0,1.9055,2.071,0,191,744,8044
242,3,3.4056,5.1376,-3.1928,0,201,841,8044
242,4,-1.6913,0.8869,0.4832,0.4914,207,665,8044
243,1,0.233,1.5111,2.0192,0,262,686,8077
243,2,0,1.9055,2.071,0,230,705,8077
243,3,3.4056,5.1376,-3.1928,0,202,840,8077
244,1,0.1553,1.4121,2.0969,0,267,681,8112
244,2,0,1.9055,2.071,0,231,704,8112
244,3,3.4056,5.1376,-3.1928,0,204,838,8112
244,4,-1.6453,1.108,0.5695,0.4914,173,631,8112
245,1,0.233,1.5111,2.0192,0,243,704,8145
245,2,0,1.9055,2.071,0,225,709,8145
245,3,3.4056,5.1376,-3.1928,0,203,840,8145
245,4,-1.8351,0.7969,0.5062,0.4914,160,638,8145
246,1,0.1553,1.4121,2.0969,0,247,701,8177
246,2,0,1.9055,2.071,0,223,712,8177
246,3,3.4056,5.1376,-3.1928,0,203,840,8177
247,1,0.1553,1.4121,2.0969,0,273,674,8212
247,2,0,1.9055,2.071,0,230,705,8212
247,3,3.4056,5.1376,-3.1928,0,203,840,8212
247,4,-1.7201,1.1219,0.6616,0.4914,162,640,8212
248,1,0.233,1.5111,2.0192,0,277,671,8245
248,2,0,1.9055,2.071,0,271,663,8245
248,3,3.4056,5.1376,-3.1928,0,203,840,8245
249,1,0.0805,1.471,2.1745,0,282,664,8278
249,2,0,1.9055,2.071,0,253,680,8278
249,3,3.4056,5.1376,-3.1928,0,200,842,8278
249,4,-1.7201,1.0802,0.7277,0.4914,167,624,8278
250,1,0.233,1.5111,2.0192,0,314,633,8311
250,2,0,1.9055,2.071,0,283,650,8311
250,3,3.4056,5.1376,-3.1928,0,202,841,8311
251,1,0.1553,1.4121,2.0969,0,273,675,8344
251,2,0,1.9055,2.071,0,249,683,8344
251,3,3.4056,5.1376,-3.1928,0,202,840,8344
252,1,0.233,1.5111,2.0192,0,302,646,8378
252,2,1.3203,1.0945,-1.8639,0,302,646,8378
252,3,0,1.9055,2.071,0,282,653,8378
252,4,3.4056,5.1376,-3.1928,0,201,842,8378
253,1,0.1553,1.4121,2.0969,0,290,657,8412
253,2,0,1.9055,2.071,0,262,672,8412
253,3,3.4056,5.1376,-3.1928,0,202,841,8412
254,1,0.233,1.5111,2.0192,0,280,668,8445
254,2,0,1.9055,2.071,0,267,667,8445
254,3,3.4056,5.1376,-3.1928,0,202,841,8445
255,1,0.0805,1.471,2.1745,0,318,630,8478
255,2,0,1.9055,2.071,0,311,622,8478
255,3,3.4056,5.1376,-3.1928,0,200,842,8478
256,1,0.233,1.5111,2.0192,0,297,650,8511
256,2,0,1.9055,2.071,0,288,646,8511
256,3,3.4056,5.1376,-3.1928,0,200,842,8511
257,1,0.0805,1.471,2.1745,0,323,624,8545
257,2,0,1.9055,2.071,0,334,600,8545
257,3,3.4056,5.1376,-3.1928,0,202,840,8545
258,1,0.233,1.5111,2.0192,0,309,638,8578
258,2,0,1.9055,2.071,0,300,634,8578
258,3,3.4056,5.1376,-3.1928,0,202,841,8578
259,1,0.233,1.5111,2.0192,0,318,630,8611
259,2,1.3203,1.2171,-1.7862,0,318,630,8611
259,3,0,1.9055,2.071,0,318,615,8611
259,4,3.4056,5.1376,-3.1928,0,200,842,8611
260,1,0.233,1.5111,2.0192,0,299,647,8644
260,2,0,1.9055,2.071,0,301,633,8644
260,3,3.4056,5.1376,-3.1928,0,202,841,8644
261,1,0.233,1.5111,2.0192,0,321,627,8678
261,2,0,1.9055,2.071,0,288,647,8678
261,3,3.4056,5.1376,-3.1928,0,200,842,8678
262,1,0.233,1.5111,2.0192,0,315,633,8712
262,2,0,1.9055,2.071,0,301,635,8712
262,3,3.4056,5.1376,-3.1928,0,200,842,8712
263,1,0.233,1.5111,2.0192,0,294,652,8745
263,2,1.3979,0.9934,-1.8639,0,294,652,8745
263,3,0,1.9055,2.071,0,296,640,8745
263,4,3.4056,5.1376,-3.1928,0,202,841,8745
264,1,0.233,1.5111,2.0192,0,314,633,8778
264,2,0,1.9055,2.071,0,301,633,8778
264,3,3.4056,5.1376,-3.1928,0,201,841,8778
265,1,0.233,1.5111,2.0192,0,311,636,8811
265,2,1.3203,1.2171,-1.7862,0,311,636,8811
265,3,0,1.9055,2.071,0,298,637,8811
265,4,3.4056,5.1376,-3.1928,0,201,842,8811
266,1,0.0805,1.471,2.1745,0,307,640,8845
266,2,0,1.9055,2.071,0,292,643,8845
266,3,3.4056,5.1376,-3.1928,0,200,843,8845
267,1,0.1553,1.4121,2.0969,0,315,633,8878
267,2,0.0805,1.471,2.1745,0,317,630,8878
267,3,0,1.9055,2.071,0,293,639,8878
267,4,3.4056,5.1376,-3.1928,0,201,841,8878
268,1,0.233,1.5111,2.0192,0,292,655,8911
268,2,1.3979,0.9934,-1.8639,0,292,655,8911
268,3,0,1.9055,2.071,0,276,657,8911
268,4,3.4056,5.1376,-3.1928,0,201,841,8911
269,1,0.1553,1.4121,2.0969,0,316,632,8945
269,2,0,1.9055,2.071,0,306,627,8945
269,3,3.4056,5.1376,-3.1928,0,202,841,8945
270,1,0.233,1.5111,2.0192,0,313,634,8978
270,2,0.1553,1.4121,2.0969,0,313,634,8978
270,3,0,1.9055,2.071,0,297,635,8978
270,4,3.4056,5.1376,-3.1928,0,202,840,8978
271,1,0.1553,1.4121,2.0969,0,299,648,9011
271,2,0,1.9055,2.071,0,282,652,9011
271,3,3.4056,5.1376,-3.1928,0,202,840,9011
272,1,0.233,1.5111,2.0192,0,305,642,9044
272,2,0,1.9055,2.071,0,297,638,9044
272,3,3.4056,5.1376,-3.1928,0,202,841,9044
273,1,0.1553,1.4121,2.0969,0,298,648,9078
273,2,0,1.9055,2.071,0,284,651,9078
273,3,3.4056,5.1376,-3.1928,0,202,841,9078
274,1,0.1553,1.4121,2.0969,0,313,633,9112
274,2,0,1.9055,2.071,0,303,631,9112
274,3,3.4056,5.1376,-3.1928,0,203,840,9112
275,1,0.233,1.5111,2.0192,0,318,627,9145
275,2,0.1553,1.4121,2.0969,0,318,627,9145
275,3,0,1.9055,2.071,0,281,654,9145
275,4,3.4056,5.1376,-3.1928,0,201,841,9145
276,1,0.233,1.5111,2.0192,0,331,617,9178
276,2,0,1.9055,2.071,0,325,608,9178
276,3,3.4056,5.1376,-3.1928,0,200,843,9178
277,1,0.233,1.5111,2.0192,0,310,638,9211
277,2,0,1.9055,2.071,0,287,648,9211
277,3,3.4056,5.1376,-3.1928,0,202,840,9211
278,1,0.1553,1.4121,2.0969,0,310,637,9245
278,2,0,1.9055,2.071,0,295,639,9245
278,3,3.4056,5.1376,-3.1928,0,203,839,9245
279,1,0.233,1.5111,2.0192,0,334,613,9278
279,2,0,1.9055,2.071,0,302,633,9278
279,3,3.4056,5.1376,-3.1928,0,202,841,9278
280,1,0.1553,1.4121,2.0969,0,328,621,9312
280,2,0,1.9055,2.071,0,303,631,9312
280,3,3.4056,5.1376,-3.1928,0,202,841,9312
281,1,0.1553,1.4121,2.0969,0,296,650,9345
281,2,0,1.9055,2.071,0,292,641,9345
281,3,3.4056,5.1376,-3.1928,0,202,841,9345
282,1,0.233,1.5111,2.0192,0,322,624,9378
282,2,0,1.9055,2.071,0,292,643,9378
282,3,3.4056,5.1376,-3.1928,0,201,841,9378
283,1,0.233,1.5111,2.0192,0,275,671,9411
283,2,0.1553,1.4121,2.0969,0,275,671,9411
283,3,0,1.9055,2.071,0,257,677,9411
283,4,3.4056,5.1376,-3.1928,0,202,841,9411
284,1,0.233,1.5111,2.0192,0,294,655,9445
284,2,0,1.9055,2.071,0,291,643,9445
284,3,3.4056,5.1376,-3.1928,0,202,841,9445
285,1,0.233,1.5111,2.0192,0,310,636,9478
285,2,0,1.9055,2.071,0,287,647,9478
285,3,3.4056,5.1376,-3.1928,0,201,841,9478
286,1,0.233,1.5111,2.0192,0,319,629,9511
286,2,0,1.9055,2.071,0,286,650,9511
286,3,3.4056,5.1376,-3.1928,0,199,843,9511
287,1,0.233,1.5111,2.0192,0,276,672,9545
287,2,0,1.9055,2.071,0,268,668,9545
287,3,3.4056,5.1376,-3.1928,0,202,840,9545
288,1,0.233,1.5111,2.0192,0,300,648,9578
288,2,0,1.9055,2.071,0,292,643,9578
288,3,3.4056,5.1376,-3.1928,0,202,841,9578
289,1,0.233,1.5111,2.0192,0,329,619,9611
289,2,0,1.9055,2.071,0,288,646,9611
289,3,3.4056,5.1376,-3.1928,0,201,842,9611
290,1,0.233,1.5111,2.0192,0,307,641,9645
290,2,0,1.9055,2.071,0,277,658,9645
290,3,3.4056,5.1376,-3.1928,0,200,843,9645
291,1,0.233,1.5111,2.0192,0,290,658,9678
291,2,0.1553,1.4121,2.0969,0,290,658,9678
291,3,0,1.9055,2.071,0,290,644,9678
291,4,3.4056,5.1376,-3.1928,0,202,840,9678
292,1,0.233,1.5111,2.0192,0,287,661,9711
292,2,0.1553,1.4121,2.0969,0,287,661,9711
292,3,0,1.9055,2.071,0,297,638,9711
292,4,3.4056,5.1376,-3.1928,0,201,841,9711
293,1,0.1553,1.4121,2.0969,0,290,657,9745
293,2,0,1.9055,2.071,0,301,633,9745
293,3,3.4056,5.1376,-3.1928,0,202,841,9745
294,1,0.233,1.5111,2.0192,0,291,656,9777
294,2,0.1553,1.4121,2.0969,0,291,656,9777
294,3,0,1.9055,2.071,0,275,660,9777
294,4,3.4056,5.1376,-3.1928,0,201,841,9777
295,1,0.233,1.5111,2.0192,0,286,661,9812
295,2,0,1.9055,2.071,0,282,653,9812
295,3,3.4056,5.1376,-3.1928,0,201,841,9812
296,1,0.233,1.5111,2.0192,0,283,663,9845
296,2,0,1.9055,2.071,0,255,679,9845
296,3,3.4056,5.1376,-3.1928,0,200,842,9845
297,1,0.233,1.5111,2.0192,0,274,672,9878
297,2,0.0805,1.471,2.1745,0,267,679,9878
297,3,0,1.9055,2.071,0,258,676,9878
297,4,3.4056,5.1376,-3.1928,0,203,839,9878
297,5,-1.3116,0.699,0.9837,-0.9828,190,614,9878
298,1,0.233,1.5111,2.0192,0,266,681,9912
298,2,0.1553,1.4121,2.0969,0,266,681,9912
298,3,0,1.9055,2.071,0,266,669,9912
298,4,3.4056,5.1376,-3.1928,0,200,842,9912
299,1,0.233,1.5111,2.0192,0,270,678,9944
299,2,0,1.9055,2.071,0,266,664,9944
299,3,3.4056,5.1376,-3.1928,0,202,840,9944
300,1,0.233,1.5111,2.0192,0,265,684,9978
300,2,0,1.9055,2.071,0,240,694,9978
300,3,3.4056,5.1376,-3.1928,0,201,842,9978
301,1,0.233,1.5111,2.0192,0,282,664,10012
301,2,0.1553,1.4121,2.0969,0,282,664,10012
301,3,0,1.9055,2.071,0,273,661,10012
301,4,3.4056,5.1376,-3.1928,0,203,839,10012
302,1,0.233,1.5111,2.0192,0,268,679,10044
302,2,0,1.9055,2.071,0,288,648,10044
302,3,3.4056,5.1376,-3.1928,0,202,841,10044
303,1,0.233,1.5111,2.0192,0,268,679,10078
303,2,0.1553,1.4121,2.0969,0,268,679,10078
303,3,0,1.9055,2.071,0,255,680,10078
303,4,3.4056,5.1376,-3.1928,0,200,842,10078
303,5,-1.3922,0.745,1.3289,-0.4914,152,664,10078
304,1,0.233,1.5111,2.0192,0,275,673,10112
304,2,0,1.9055,2.071,0,302,634,10112
304,3,3.4056,5.1376,-3.1928,0,200,842,10112
305,1,0.233,1.5111,2.0192,0,274,673,10145
305,2,0.1553,1.4121,2.0969,0,274,673,10145
305,3,0,1.9055,2.071,0,268,668,10145
305,4,3.4056,5.1376,-3.1928,0,200,842,10145
306,1,0.233,1.5111,2.0192,0,266,681,10178
306,2,0,1.9055,2.071,0,272,660,10178
306,3,3.4056,5.1376,-3.1928,0,202,841,10178
306,4,-1.1908,0.8114,0.8802,-0.9828,186,587,10178
306,5,1.3979,0.9414,0.1035,-0.9828,186,587,10178
307,1,0.233,1.5111,2.0192,0,246,701,10211
307,2,0,1.9055,2.071,0,259,673,10211
307,3,3.4056,5.1376,-3.1928,0,202,841,10211
307,4,-1.2081,0.9807,1.2081,-0.4914,158,695,10211
308,1,0.233,1.5111,2.0192,0,262,685,10245
308,2,0,1.9055,2.071,0,298,640,10245
308,3,3.4056,5.1376,-3.1928,0,201,842,10245
308,4,-1.0585,0.8098,0.6903,-0.9828,207,640,10245
309,1,0.233,1.5111,2.0192,0,273,674,10278
309,2,0.0863,1.9035,2.071,0,284,652,10278
309,3,3.4056,5.1376,-3.1928,0,201,841,10278
310,1,0.233,1.5111,2.0192,0,263,684,10312
310,2,0.1553,1.4121,2.0969,0,263,684,10312
310,3,0,1.9055,2.071,0,288,645,10312
310,4,3.4056,5.1376,-3.1928,0,203,840,10312
310,5,-1.047,0.527,0.3365,-0.9828,186,636,10312
311,1,0.233,1.5111,2.0192,0,221,726,10345
311,2,-0.0863,1.9035,2.071,0,275,662,10345
311,3,3.4056,5.1376,-3.1928,0,200,842,10345
311,4,-1.0786,0.7939,0.4315,-0.4914,168,730,10345
312,1,-0.9176,0.4322,-0.1898,0,169,698,10378
312,2,0.233,1.5111,2.0192,0,221,727,10378
312,3,-0.0863,1.9035,2.071,0,271,663,10378
312,4,3.4056,5.1376,-3.1928,0,203,839,10378
312,5,-0.7766,0.4732,-0.2301,0.4914,175,686,10378
312,6,-1.2944,0.4874,0.2589,-0.9828,270,613,10378
312,7,-0.7766,0.7951,0.8629,-0.9828,270,613,10378
312,8,-1.07,0.2145,-0.2761,-0.4914,181,696,10378
312,9,-0.8284,0.7104,0.2761,-0.4914,181,696,10378
313,1,0.233,1.5111,2.0192,0,238,708,10411
313,2,-0.0863,1.9035,2.071,0,259,677,10411
313,3,3.4056,5.1376,-3.1928,0,202,840,10411
313,4,-1.0067,0.7794,0.3222,-0.9828,243,633,10411
313,5,0.9665,0.8434,-0.2819,-0.9828,243,633,10411
314,1,0.233,1.5111,2.0192,0,206,740,10444
314,2,0.1726,1.9877,1.9847,0,256,682,10444
314,3,3.4056,5.1376,-3.1928,0,201,841,10444
314,4,-1.1506,0.8907,0.3682,0.9828,250,567,10444
314,5,-1.1275,0.5913,0.3222,-0.9828,260,637,10444
315,1,-0.8859,0.5137,-0.1266,0,222,706,10478
315,2,0.233,1.5111,2.0192,0,210,738,10478
315,3,3.4056,5.1376,-3.1928,0,205,837,10478
315,4,-0.8629,0.7951,0.7766,-0.4914,201,708,10478
316,1,0.1611,1.4644,2.1745,0,235,712,10512
316,2,-0.1726,1.8976,2.071,0,250,682,10512
316,3,3.4056,5.1376,-3.1928,0,200,842,10512
316,4,-0.8284,0.6609,0.3797,-0.4914,258,680,10512
316,5,-0.9061,0.6978,0.8198,-0.4914,195,680,10512
317,1,-0.9808,0.3189,0.0316,0,287,683,10545
317,2,-0.6012,0.6687,0.5062,0,287,683,10545
317,3,0.233,1.5111,2.0192,0,251,696,10545
317,4,0.1553,1.4121,2.0969,0,251,696,10545
317,5,0.1726,1.9877,1.9847,0,245,684,10545
317,6,3.4056,5.1376,-3.1928,0,198,845,10545
318,1,-0.9176,0.4548,-0.1266,0,238,739,10578
318,2,-0.5695,0.7722,0.3797,0,238,739,10578
318,3,0.1553,1.4121,2.0969,0,172,775,10578
318,4,-0.0863,1.9035,2.071,0,249,695,10578
318,5,3.4056,5.1376,-3.1928,0,195,847,10578
318,6,-0.8054,0.6538,0.8054,-0.4914,257,676,10578
319,1,-0.7479,0.5428,-0.1151,0,203,785,10611
319,2,0.233,1.5111,2.0192,0,162,785,10611
319,3,-0.3452,1.7739,2.1573,0,255,708,10611
319,4,3.4056,5.1376,-3.1928,0,202,840,10611
319,5,-0.8284,0.7104,0.2761,-0.4914,270,696,10611
320,1,-0.9808,0.3189,-0.0316,0,279,744,10644
320,2,-0.5379,0.7945,0.3797,0,279,744,10644
320,3,-0.86,0.824,0.2618,0,296,700,10644
320,4,0.233,1.5111,2.0192,0,165,778,10644
320,5,-0.0863,1.9035,2.071,0,234,700,10644
320,6,3.4056,5.1376,-3.1928,0,198,844,10644
320,7,-1.0844,0.5411,-0.0748,-1.9656,209,601,10644
321,1,-0.8629,0.6926,0.2071,0,279,723,10679
321,2,0.233,1.5111,2.0192,0,166,782,10679
321,3,-0.0863,1.8051,2.1573,0,228,710,10679
321,4,3.4056,5.1376,-3.1928,0,198,844,10679
322,1,-0.8226,0.6099,-0.1266,0,225,765,10711
322,2,0,1.4732,2.1745,0,183,765,10711
322,3,0.0863,1.9933,1.9847,0,200,727,10711
322,4,3.4056,5.1376,-3.1928,0,200,842,10711
322,5,-0.7594,0.7951,0.2416,-0.4914,236,730,10711
322,6,-0.7248,0.6959,0.8457,-0.4914,279,709,10711
323,1,-0.0863,1.9035,2.071,0,199,742,10744
323,2,3.4056,5.1376,-3.1928,0,195,846,10744
323,3,-0.7939,0.7606,-0.2416,-0.4914,247,754,10744
324,1,-0.7594,0.6724,-0.1898,0,281,774,10778
324,2,-0.0863,1.9035,2.071,0,217,732,10778
324,3,3.4056,5.1376,-3.1928,0,198,844,10778
324,4,-0.5638,0.7887,0.8859,-0.4914,241,709,10778
324,5,-1.047,0.741,0.2819,-0.4914,241,709,10778
325,1,-0.7594,0.6724,0.1898,0,322,751,10811
325,2,0.233,1.5111,2.0192,0,163,785,10811
325,3,0,1.9055,2.071,0,227,709,10811
325,4,3.4056,5.1376,-3.1928,0,202,841,10811
326,1,-0.7594,0.6512,-0.2531,0,308,714,10844
326,2,0.233,1.5111,2.0192,0,207,739,10844
326,3,-0.0863,1.9035,2.071,0,244,698,10844
326,4,3.6185,4.99,-3.1928,0,210,833,10844
326,5,-0.6846,0.917,0.6443,-0.4914,232,699,10844
327,1,-0.7277,0.7065,0.1898,0,245,769,10878
327,2,0.233,1.5111,2.0192,0,153,794,10878
327,3,0,1.9952,1.9847,0,199,730,10878
327,4,3.6185,4.99,-3.1928,0,204,839,10878
327,5,-0.5235,1.0059,-0.4487,0.4914,277,713,10878
328,1,-0.5177,0.999,-0.0338,0,311,746,10912
328,2,0.0863,1.9035,2.071,0,200,731,10912
328,3,3.6185,4.99,-3.1928,0,204,838,10912
329,1,-0.4142,1.0444,-0.069,0,338,702,10945
329,2,-0.9319,0.3614,-0.5177,0,338,702,10945
329,3,0.233,1.5111,2.0192,0,197,750,10945
329,4,1.3203,1.2171,-1.7862,0,197,750,10945
329,5,0,1.9055,2.071,0,247,699,10945
329,6,3.4056,5.1376,-3.1928,0,227,817,10945
330,1,-0.4832,0.9876,-0.2416,0,370,704,10978
330,2,0.233,1.5111,2.0192,0,189,757,10978
330,3,0.0863,1.9035,2.071,0,254,688,10978
330,4,3.4056,5.1376,-3.1928,0,240,802,10978
331,1,-0.4142,0.9754,-0.3797,0,351,674,11012
331,2,0.233,1.5111,2.0192,0,205,742,11012
331,3,-0.0863,1.9035,2.071,0,278,658,11012
331,4,3.4056,5.1376,-3.1928,0,242,802,11012
331,5,-0.6328,0.6925,0,-0.4914,273,683,11012
332,1,-0.2244,0.9057,-0.7853,0,322,698,11045
332,2,0.233,1.5111,2.0192,0,202,743,11045
332,3,-0.0863,1.9035,2.071,0,241,698,11045
332,4,3.4056,5.1376,-3.1928,0,238,806,11045
332,5,-0.4487,1.0318,0.0338,0.4914,305,715,11045
332,6,-0.6903,0.6345,-0.0288,-0.4914,344,672,11045
333,1,-0.6328,0.6919,-0.0288,0,270,770,11079
333,2,-0.3452,1.0254,-0.3106,0,348,712,11079
333,3,0.0805,1.471,2.1745,0,206,742,11079
333,4,0,1.9055,2.071,0,249,687,11079
333,5,3.4056,5.1376,-3.1928,0,243,799,11079
333,6,-0.3682,1.255,0.7364,0.4914,204,742,11079
334,1,-0.604,0.7154,-0.0575,0,331,746,11111
334,2,-0.604,0.7171,-0.0288,0,331,746,11111
334,3,-0.5235,1.0699,-0.2618,0,361,687,11111
334,4,0.233,1.5111,2.0192,0,202,746,11111
334,5,0,1.9055,2.071,0,249,687,11111
334,6,3.4056,5.1376,-3.1928,0,246,797,11111
334,7,-1.5878,7.9679,-2.9109,0,152,782,11111
335,1,-0.3739,1.1109,-0.3365,0,396,678,11144
335,2,0.233,1.5111,2.0192,0,200,747,11144
335,3,0,1.9055,2.071,0,264,678,11144
335,4,3.4056,5.264,-2.9799,0,242,801,11144
335,5,-0.5465,0.7603,-0.0575,0.4914,341,785,11144
335,6,-0.2761,1.3857,0.5062,0.4914,161,741,11144
336,1,-0.3797,1.0231,-0.2761,0,432,703,11179
336,2,0.0805,1.471,2.1745,0,240,712,11179
336,3,3.6185,4.99,-3.1928,0,234,810,11179
336,4,-0.4027,0.8468,0.0288,0.9828,246,727,11179
337,1,-0.3797,1.0019,-0.3452,0,479,675,11211
337,2,0.233,1.5111,2.0192,0,232,714,11211
337,3,3.4056,5.1376,-3.1928,0,236,807,11211
337,4,-0.4487,0.973,-0.3452,-1.4742,297,584,11211
337,5,4.5303,4.3016,-3.2359,-1.4742,230,583,11211
337,6,-5.3932,4.2581,-1.5101,-1.4742,230,583,11211
337,7,1.0786,3.7959,-5.8247,-1.4742,230,583,11211
338,1,-0.4113,1.1456,-0.0748,0,335,685,11244
338,2,-0.8226,0.6727,-0.5983,0,335,685,11244
338,3,0.1553,1.4121,2.0969,0,199,748,11245
338,4,3.6185,4.99,-3.1928,0,210,832,11245
338,5,-0.3797,1.0507,-0.1351,0.4914,294,726,11245
338,6,-0.3797,0.9511,-0.1266,0.9828,319,706,11245
338,7,-0.3624,1.2461,0.2013,0.9828,295,642,11245
338,8,0.6386,4.8799,-4.8956,-1.4742,232,569,11245
338,9,3.8313,5.5325,-1.7028,-1.4742,232,569,11245
338,10,-2.7671,5.5079,-3.1928,-1.4742,232,569,11245
339,1,-0.3797,0.96,-0.4487,0,258,738,11278
339,2,0.233,1.5111,2.0192,0,159,788,11278
339,3,0,1.9952,1.9847,0,219,716,11278
339,4,3.4056,5.1376,-3.1928,0,210,833,11278
339,5,-0.2848,0.9837,-0.1266,0.9828,365,705,11278
340,1,-0.3797,1.0132,-0.3106,0,375,745,11312
340,2,0,1.9055,2.071,0,211,721,11312
340,3,3.6185,4.8473,-3.4056,0,205,834,11312
340,4,-0.2531,0.9255,-0.3797,1.9656,392,627,11312
341,1,0.233,1.5111,2.0192,0,188,759,11345
341,2,0,1.9952,1.9847,0,262,684,11345
341,3,3.1928,5.3957,-2.9799,0,217,829,11345
341,4,-0.1496,1.201,0.1496,0.9828,543,615,11345
341,5,-0.1035,0.9754,-0.5405,1.9656,483,583,11345
342,1,-0.2761,1.0776,-0.1726,0,391,653,11379
342,2,-0.6903,0.6004,-0.6558,0,391,653,11379
342,3,0.1553,1.4121,2.0969,0,226,722,11379
342,4,-0.0863,1.9035,2.071,0,299,638,11379
342,5,3.3596,5.0682,-3.1496,0,204,829,11379
342,6,-0.0748,1.208,-0.1496,1.4742,464,610,11379
342,7,-0.0374,1.1008,-0.5235,2.4569,450,606,11379
342,8,-0.5609,0.2763,-1.047,2.4569,450,606,11379
343,1,-0.3106,1.0132,-0.3797,0,397,710,11410
343,2,0.233,1.5111,2.0192,0,178,770,11410
343,3,-0.0863,1.9035,2.071,0,245,686,11410
343,4,3.3596,5.1928,-2.9397,0,196,840,11410
343,5,-0.0403,1.1855,-0.5638,2.4569,360,595,11410
343,6,-0.604,0.2976,-1.1275,2.4569,360,595,11410
344,1,0,1.9055,2.071,0,240,705,11445
344,2,3.4056,5.264,-2.9799,0,218,826,11445
344,3,-0.1208,1.2565,0.3624,0.4914,416,686,11445
345,1,0.0863,1.9933,1.9847,0,232,711,11478
345,2,0,1.9055,2.071,0,232,711,11478
345,3,3.1928,5.3957,-2.9799,0,220,826,11478
345,4,0.0489,1.5171,0.489,0.4914,166,744,11478
345,5,0.0403,1.3071,-0.1208,0.9828,526,608,11478
346,1,-0.2991,1.1215,-0.3739,0,341,718,11512
346,2,3.1928,5.3957,-2.9799,0,228,833,11512
346,3,0,1.3077,0.1208,0.9828,481,642,11512
347,1,-0.3797,0.9894,-0.3797,0,285,754,11545
347,2,-0.0863,1.9035,2.071,0,219,720,11545
347,3,3.1928,5.2726,-3.1928,0,224,832,11545
347,4,-0.0805,1.2706,0.3222,0.9828,487,610,11545
348,1,-0.1726,1.8976,2.071,0,224,701,11579
348,2,3.1928,5.3957,-2.9799,0,224,834,11579
348,3,0.0431,1.3958,0.1726,0.9828,504,645,11579
348,4,-0.2991,1.06,-0.5235,-0.4914,260,625,11579
349,1,0.2301,1.3127,-0.6903,0,282,750,11611
349,2,0,1.9055,2.071,0,230,702,11611
349,3,-1.8696,4.1023,-1.2944,0,152,861,11611
349,4,3.3596,5.0682,-3.1496,0,212,831,11611
349,5,-0.2991,1.1215,-0.3739,0.4914,279,720,11611
349,6,0.4746,1.2898,-0.302,0.9828,406,595,11611
349,7,-0.1726,0.887,-1.0786,0.9828,406,595,11611
350,1,-0.0863,1.9035,2.071,0,248,682,11644
350,2,3.4056,5.1376,-3.1928,0,218,832,11644
350,3,0.1294,1.3951,0.1294,0.9828,533,592,11644
350,4,0.6644,2.6673,-1.4238,0.9828,267,616,11644
350,5,-0.6644,1.0162,-2.8476,0.9828,267,616,11644
351,1,0.1726,1.9877,1.9847,0,257,680,11678
351,2,3.1928,5.3957,-2.9799,0,221,830,11678
351,3,0.1726,1.3938,0.0863,0.9828,475,645,11678
352,1,0,1.9055,2.071,0,237,702,11711
352,2,3.4056,5.1376,-3.1928,0,209,835,11711
352,3,0.1841,1.4867,0.092,0.4914,437,705,11711
353,1,-0.0863,1.9035,2.071,0,210,720,11744
353,2,3.4056,5.1376,-3.1928,0,221,832,11744
353,3,0.1956,1.5819,0.0489,0.9828,409,668,11744
354,1,0,1.9952,1.9847,0,207,729,11778
354,2,3.4056,5.1376,-3.1928,0,218,837,11778
354,3,0.2761,1.4753,0,0.4914,398,709,11778
354,4,-0.1294,1.284,-0.5609,1.9656,389,596,11778
355,1,0.3222,1.43,-0.3222,0,314,753,11812
355,2,0,1.9055,2.071,0,157,776,11812
355,3,3.4056,5.1376,-3.1928,0,210,840,11812
355,4,-0.0604,1.9456,0.302,0.4914,161,785,11812
355,5,0,1.3393,-0.4315,1.4742,298,626,11812
355,6,0.2071,1.675,-0.0518,1.4742,407,599,11812
356,1,3.1928,5.3957,-2.9799,0,213,842,11845
356,2,0.3682,1.4521,-0.092,0.4914,338,726,11845
356,3,-0.0604,1.9354,0.3624,0.4914,182,787,11845
356,4,0.2589,1.6678,0.0518,0.9828,423,628,11845
356,5,0.1351,1.3888,-0.5405,2.4569,321,579,11845
357,1,0.2761,1.3485,-0.5983,0,265,768,11878
357,2,3.1928,5.2726,-3.1928,0,221,836,11878
357,3,0.3423,1.5506,0.1467,0.4914,320,703,11878
357,4,0,1.9662,0.1208,0.4914,221,770,11878
357,5,0.1553,1.5171,-0.7248,2.9483,285,590,11878
358,1,0.3682,1.3949,-0.4142,0,271,764,11911
358,2,3.1928,5.3957,-2.9799,0,213,840,11911
358,3,0.0604,1.9607,0.1812,0.4914,189,791,11911
358,4,0.2733,1.7305,0.3279,0.9828,361,628,11911
359,1,0.5062,1.3857,-0.2761,0,258,760,11945
359,2,-0.046,1.1847,-0.9204,0,258,760,11945
359,3,3.1928,5.3957,-2.9799,0,212,840,11945
359,4,0.0604,1.9607,0.1812,0.4914,266,775,11945
359,5,0.5465,1.5405,-0.7105,2.9483,181,600,11945
360,1,2.9799,5.5161,-2.9799,0,231,834,11978
360,2,0.2761,1.4017,-0.4602,0.4914,282,702,11978
360,3,0.1266,2.0443,0.2531,0.4914,253,778,11978
360,4,0.6328,1.6886,-0.5177,1.9656,314,589,11978
360,5,-0.1151,1.3251,-1.3231,1.9656,314,589,11978
360,6,0.4602,1.5687,-0.9204,3.4397,320,578,11978
361,1,0.3222,1.2932,-0.6903,0,284,774,12012
361,2,3.1928,5.3957,-2.9799,0,237,829,12012
361,3,0.302,1.9467,0,0.4914,253,769,12012
361,4,0.604,1.6735,-0.8457,2.9483,337,581,12012
362,1,0.1841,1.2949,-0.7364,0,235,764,12045
362,2,3.4056,5.1376,-3.1928,0,227,835,12045
362,3,0.2531,2.0472,0.0633,0.4914,226,778,12045
362,4,0.5465,1.6885,0.164,0.9828,274,665,12045
362,5,0.7594,1.6301,-1.0125,1.9656,303,572,12045
363,1,3.4056,5.1376,-3.1928,0,223,832,12077
363,2,0.3222,1.3579,-0.5405,0.4914,354,727,12077
363,3,0.4228,1.9002,-0.302,0.9828,346,690,12077
364,1,0,1.9055,2.071,0,176,758,12111
364,2,3.1928,5.3957,-2.9799,0,238,838,12111
364,3,0.3912,1.4303,-0.5868,0.4914,250,717,12111
364,4,0.6644,1.8298,-0.302,0.9828,316,671,12111
365,1,0,1.9055,2.071,0,154,778,12144
365,2,3.4056,5.1376,-3.1928,0,227,835,12144
365,3,0.3423,1.4428,-0.5868,0.4914,266,701,12144
365,4,0.8859,1.6399,-0.8859,0.4914,180,766,12144
365,5,0.9665,1.458,-0.9061,0.9828,287,664,12144
365,6,0.0604,0.8992,-1.7517,0.9828,287,664,12144
366,1,0.7594,1.8493,-1.0355,0,181,709,12178
366,2,0.233,1.5111,2.0192,0,202,745,12178
366,3,3.4056,5.1376,-3.1928,0,246,832,12178
366,4,0.3222,1.2397,-0.7824,0.4914,179,710,12178
366,5,0.6328,1.9387,-0.3164,0.9828,395,640,12178
366,6,0.5465,1.693,0.1093,1.4742,255,630,12178
367,1,0.233,1.5111,2.0192,0,226,720,12211
367,2,0,1.9055,2.071,0,172,763,12211
367,3,3.4056,5.1376,-3.1928,0,231,834,12211
367,4,0.2934,1.3583,-0.7824,0.9828,290,603,12211
367,5,0.6328,1.7625,-0.1151,1.4742,303,629,12211
367,6,0.3969,2.1114,0.1985,1.4742,416,620,12211
368,1,0.7939,1.7796,-0.9262,0,266,716,12245
368,2,0.233,1.5111,2.0192,0,157,789,12245
368,3,3.4056,5.1376,-3.1928,0,250,832,12245
368,4,0.3423,1.4219,-0.6357,0.9828,306,646,12245
368,5,0.6903,1.7407,-0.1151,1.4742,282,618,12245
368,6,0.4142,2.165,0.069,1.4742,349,627,12245
368,7,0.7248,1.8228,-0.1812,1.9656,295,601,12245
369,1,0.7277,1.8077,-0.9262,0,331,694,12278
369,2,0.233,1.5111,2.0192,0,199,747,12278
369,3,0.0805,1.471,2.1745,0,153,793,12278
369,4,3.1928,5.3957,-2.9799,0,259,828,12278
369,5,0.7277,2.004,-0.3308,0.9828,319,647,12278
369,6,0.6644,1.8456,-0.1812,1.4742,323,624,12278
369,7,0.4401,1.3948,-0.6357,1.9656,295,616,12278
369,8,0.4142,2.1956,-0.2761,1.9656,328,590,12278
369,9,0.6903,1.6974,-0.4027,2.9483,202,584,12278
370,1,0.233,1.5111,2.0192,0,236,710,12312
370,2,0.0805,1.471,2.1745,0,191,756,12312
370,3,3.1928,5.3957,-2.9799,0,250,835,12312
370,4,0.7277,1.961,-0.5293,0.4914,353,652,12312
370,5,0.6731,2.3335,0.2244,0.9828,171,692,12312
370,6,0.8226,1.8661,-0.3164,1.4742,318,632,12312
370,7,0.5465,1.5646,-0.6558,1.9656,270,656,12312
370,8,0.3595,2.3163,-0.0719,1.9656,230,612,12312
371,1,0.233,1.5111,2.0192,0,261,686,12345
371,2,3.1928,5.3957,-2.9799,0,253,831,12345
371,3,0.8226,1.8757,-0.2531,1.4742,457,587,12345
371,4,0.6558,1.4973,-0.7105,2.4569,225,658,12345
371,5,0.5983,2.3455,-0.2991,2.4569,325,580,12345
372,1,0.233,1.5111,2.0192,0,255,690,12379
372,2,3.4056,5.1376,-3.1928,0,239,835,12379
372,3,3.1928,5.3957,-2.9799,0,239,835,12379
372,4,0.7277,2.004,-0.3308,0.4914,368,647,12379
372,5,0.1323,4.3111,-0.1323,1.4742,160,607,12379
372,6,1.7201,2.6811,2.9109,1.4742,160,607,12379
372,7,0.6903,1.5761,-0.7479,2.4569,315,659,12379
372,8,0.699,2.4145,-0.3106,2.4569,396,571,12379
373,1,0.233,1.5111,2.0192,0,275,671,12412
373,2,0,1.9055,2.071,0,157,776,12412
373,3,3.4056,5.1376,-3.1928,0,232,832,12412
373,4,0.86,1.9688,-0.1985,0.9828,417,591,12412
373,5,0.466,2.4701,0.3106,0.9828,261,656,12412
373,6,1.6309,1.4185,1.3203,0.9828,261,656,12412
373,7,0.699,2.4233,-0.233,1.9656,308,625,12412
373,8,1.0096,2.1213,2.8045,1.9656,153,618,12412
373,9,0.8226,1.6726,-0.8859,3.4397,263,584,12412
374,1,0.86,1.7119,-0.9923,0,298,671,12445
374,2,0.0805,1.471,2.1745,0,208,737,12445
374,3,3.4056,5.264,-2.9799,0,238,837,12445
374,4,0.8284,2.0923,0.069,0.9828,315,651,12445
374,5,0.5436,2.4689,0.1553,1.4742,316,629,12445
374,6,1.1678,2.4055,-0.5005,1.9656,161,608,12445
374,7,-0.0834,2.1472,-1.6683,1.9656,161,608,12445
374,8,0.8054,2.4949,-0.1611,2.4569,216,574,12445
374,9,0.8226,1.6726,-0.8859,2.9483,292,594,12445
375,1,0.7277,1.9204,-0.6616,0,293,670,12479
375,2,0.0805,1.471,2.1745,0,209,737,12479
375,3,3.4056,5.264,-2.9799,0,198,830,12479
375,4,0.8974,2.0544,-0.2071,0.9828,361,615,12479
375,5,0.699,2.4332,-0.0777,1.4742,266,605,12479
375,6,0.86,1.7119,-0.9923,3.4397,275,573,12479
376,1,0.86,1.7486,-0.9262,0,296,686,12512
376,2,0.0805,1.471,2.1745,0,187,758,12512
376,3,3.7278,4.698,-3.1065,0,172,840,12512
376,4,0.791,2.2031,-0.1438,0.9828,324,613,12512
376,5,0.6443,2.5349,0.2416,0.9828,317,645,12512
376,6,1.0786,1.8952,-0.8629,1.9656,258,612,12512
376,7,0.9492,2.6366,-0.2589,1.9656,272,569,12512
376,8,0.9665,1.8246,-0.8974,3.4397,315,560,12512
377,1,0.7594,1.8089,-1.1045,0,297,653,12545
377,2,0.0805,1.471,2.1745,0,236,709,12545
377,3,0,1.9055,2.071,0,163,773,12545
377,4,2.5887,5.6856,-3.2359,0,151,836,12545
377,5,5.8247,3.7959,-1.0786,0,151,836,12545
377,6,0.7248,2.513,0.2416,0.9828,285,641,12545
377,7,1.2225,1.7696,-0.9348,1.9656,328,626,12545
377,8,0.8629,2.6731,-0.1726,1.9656,310,566,12545
377,9,1.1218,1.8958,-1.047,3.4397,347,579,12545
378,1,0.0805,1.471,2.1745,0,232,713,12579
378,2,0,1.9055,2.071,0,173,762,12579
378,3,2.5887,5.5573,-3.4517,0,158,832,12579
378,4,5.8247,3.7959,-1.0786,0,158,832,12579
378,5,5.6089,4.1586,-0.8629,0,158,832,12579
378,6,0.7939,1.8424,-0.7939,0.4914,268,657,12579
378,7,0.8629,2.1616,-0.2876,0.9828,301,625,12579
378,8,0.7507,2.6094,0.1668,0.9828,256,696,12579
378,9,1.047,2.0975,-0.6731,1.9656,281,602,12579
378,10,0.8025,2.7937,-0.0892,1.9656,253,555,12579
378,11,1.1649,1.9687,-1.0873,2.4569,282,596,12579
379,1,0.8284,1.857,-0.9665,0,347,660,12612
379,2,0.0805,1.471,2.1745,0,206,739,12612
379,3,2.7671,5.7336,-2.7671,0,173,828,12612
379,4,1.0067,2.1071,-0.2157,0.9828,345,633,12612
379,5,0.8341,2.584,0.1668,0.9828,241,691,12612
379,6,0.9204,2.8513,-0.1841,1.4742,171,641,12612
379,7,1.2886,1.8915,-1.2886,2.9483,349,566,12612
380,1,0.8284,1.8194,-1.0355,0,283,644,12645
380,2,0.0805,1.471,2.1745,0,248,698,12645
380,3,0.0863,1.9933,1.9847,0,179,759,12645
380,4,3.1928,5.3957,-2.9799,0,220,826,12645
380,5,1.1218,2.1187,-0.4487,0.9828,384,622,12645
380,6,1.3346,2.0629,-1.1678,1.9656,304,585,12645
381,1,0.1553,1.4121,2.0969,0,259,688,12678
381,2,0,1.9055,2.071,0,170,765,12678
381,3,3.6185,4.99,-3.1928,0,234,827,12678
381,4,3.4056,5.264,-2.9799,0,234,827,12678
381,5,0.8974,1.8595,-0.8974,0.4914,250,663,12678
381,6,0.8974,2.2666,-0.0748,0.9828,315,614,12678
381,7,1.0355,2.6111,0.1726,0.9828,235,705,12678
382,1,0.233,1.5111,2.0192,0,287,659,12712
382,2,0,1.9055,2.071,0,254,681,12712
382,3,3.3596,5.0682,-3.1496,0,211,829,12712
382,4,0.9665,1.857,-0.8284,0.4914,209,608,12712
382,5,0,1.3591,-1.7949,0.4914,209,608,12712
382,6,1.0873,2.222,-0.5436,1.4742,398,610,12712
383,1,0.8284,1.7783,-1.1045,0,170,659,12745
383,2,0.0805,1.471,2.1745,0,266,682,12745
383,3,0.0863,1.9933,1.9847,0,233,706,12745
383,4,3.4056,5.1376,-3.1928,0,198,833,12745
383,5,1.0096,2.3177,-0.1553,1.4742,369,624,12745
384,1,0.233,1.5111,2.0192,0,308,640,12779
384,2,0,1.9055,2.071,0,280,664,12779
384,3,3.4056,5.1376,-3.1928,0,206,829,12779
384,4,1.1678,2.457,0,0.9828,360,640,12779
385,1,0.233,1.5111,2.0192,0,322,625,12812
385,2,0,1.9055,2.071,0,307,632,12812
385,3,3.3596,5.0682,-3.1496,0,233,833,12812
385,4,0.8284,1.8194,-1.0355,0.9828,292,592,12812
385,5,1.6683,1.8551,-1.0844,0.9828,231,675,12812
385,6,1.2512,2.3793,0.4171,0.9828,231,675,12812
385,7,0.9808,2.7376,0,0.9828,203,709,12812
385,8,1.047,2.3599,-0.4832,1.4742,271,626,12812
385,9,1.0067,1.8636,-1.0067,1.9656,198,586,12812
385,10,0.9348,1.937,-0.9348,1.9656,198,586,12812
386,1,0.0805,1.471,2.1745,0,309,637,12845
386,2,-0.0863,1.8051,2.1573,0,300,639,12845
386,3,1.2944,1.5183,-1.9847,0,300,639,12845
386,4,1.3807,1.4403,-1.9847,0,300,639,12845
386,5,3.5696,4.9226,-3.1496,0,218,832,12845
386,6,0.8629,1.8952,-1.0786,0.4914,177,644,12845
386,7,1.1678,2.4442,0.2502,0.9828,315,621,12845
386,8,0.8974,1.8246,-0.9665,1.4742,232,611,12845
386,9,1.0844,2.4935,0.0834,1.4742,311,626,12845
386,10,1.2081,2.2415,-0.6443,1.9656,320,583,12845
387,1,0.0805,1.471,2.1745,0,313,638,12879
387,2,1.2886,1.4488,-1.7718,0,313,638,12879
387,3,0,1.6989,2.2436,0,331,625,12879
387,4,1.5532,1.679,-1.6395,0,331,625,12879
387,5,3.3596,5.0682,-3.1496,0,215,831,12879
387,6,0.9348,1.8608,-1.0786,0.9828,208,630,12879
387,7,1.4181,2.3156,-0.1668,0.9828,348,612,12879
387,8,4.5907,4.1856,-3.4977,1.4742,202,605,12879
387,9,-6.3395,3.2542,-0.2186,1.4742,202,605,12879
387,10,0.9348,1.7696,-1.2225,2.4569,261,603,12879
387,11,1.0844,2.404,-0.6673,2.4569,361,567,12879
388,1,0.0805,1.3443,2.2551,0,314,637,12911
388,2,1.2886,1.5421,-1.6913,0,314,637,12911
388,3,0,1.9055,2.071,0,307,625,12911
388,4,3.3596,5.0682,-3.1496,0,234,833,12911
388,5,1.0125,2.8199,0.1841,0.4914,227,655,12911
388,6,1.3807,2.4507,0.0863,0.9828,375,601,12911
388,7,-4.4296,2.6453,0,1.4742,153,603,12911
388,8,3.4804,2.9791,-2.373,1.4742,153,603,12911
388,9,3.5437,5.597,-2.8793,1.4742,171,604,12911
388,10,0.9722,1.8899,-1.1966,2.4569,293,613,12911
388,11,1.2081,2.3908,-0.8629,2.4569,380,558,12911
389,1,0.1726,1.8976,2.071,0,362,600,12945
389,2,3.4056,5.264,-2.9799,0,253,832,12945
389,3,1.2886,2.7112,0,0.9828,344,591,12945
389,4,1.0873,2.0527,-1.0096,2.4569,277,608,12945
390,1,1.467,2.023,-1.2944,0,397,614,12978
390,2,3.5696,4.9226,-3.1496,0,241,832,12978
390,3,1.3289,2.6622,-0.8543,1.9656,192,588,12978
390,4,1.2081,2.0416,-1.1275,3.4397,288,561,12978
391,1,0.0805,1.471,2.1745,0,315,634,13012
391,2,1.2081,1.5166,-1.7718,0,315,634,13012
391,3,1.2081,1.866,-1.7258,0,334,620,13012
391,4,-0.0863,1.5761,2.3299,0,334,620,13012
391,5,2.1573,5.8629,-3.2359,0,153,838,13012
391,6,5.6089,4.1586,-0.8629,0,153,838,13012
391,7,1.5158,2.4559,-0.3567,0.9828,364,605,13012
391,8,1.3346,1.9591,-1.3346,2.9483,244,541,13012
392,1,0.0805,1.471,2.1745,0,290,661,13045
392,2,0,1.8072,2.1573,0,313,639,13045
392,3,1.5532,1.4911,-1.8121,0,313,639,13045
392,4,2.5887,5.6856,-3.2359,0,182,837,13045
392,5,1.4727,2.6141,-0.092,0.9828,361,584,13045
392,6,2.2436,3.1325,2.9914,1.9656,173,574,13045
392,7,1.047,4.5234,-1.4957,1.9656,173,574,13045
392,8,1.3807,2.134,-1.2081,2.9483,234,563,13045
393,1,0.233,1.5111,2.0192,0,301,646,13078
393,2,0.0863,1.8051,2.1573,0,367,615,13078
393,3,1.6395,1.8858,-1.2944,0,367,615,13078
393,4,0.6846,2.5002,1.8581,0,153,761,13078
393,5,-0.7824,2.9914,0.7824,0,153,761,13078
393,6,1.8581,2.525,-0.5868,0,153,761,13078
393,7,2.373,5.779,-3.2359,0,172,842,13078
393,8,1.3289,2.7943,-0.0949,0.4914,196,698,13078
394,1,0.233,1.5111,2.0192,0,296,652,13112
394,2,0.1553,1.4121,2.0969,0,296,652,13112
394,3,0.1726,2.1462,1.8121,0,318,621,13112
394,4,3.5696,4.7818,-3.3596,0,177,840,13112
394,5,1.6136,2.6418,0,0.9828,274,601,13112
395,1,0.0805,1.471,2.1745,0,304,645,13145
395,2,0,1.8072,2.1573,0,330,626,13145
395,3,1.6395,1.679,-1.5532,0,330,626,13145
395,4,3.3596,5.0682,-3.1496,0,220,835,13145
395,5,1.5158,2.3484,-0.8025,0.4914,349,615,13145
396,1,0.0805,1.471,2.1745,0,296,652,13178
396,2,1.2886,1.4488,-1.7718,0,296,652,13178
396,3,0,1.9952,1.9847,0,322,627,13178
396,4,1.2944,2.3452,-0.8629,0,322,627,13178
396,5,0.5177,1.7314,-2.1573,0,322,627,13178
396,6,3.3596,5.0682,-3.1496,0,227,834,13178
396,7,1.4238,2.734,-0.2848,0.4914,230,688,13178
396,8,2.8476,0.757,0.9492,0.4914,230,688,13178
396,9,1.4727,2.5897,-0.3682,0.9828,347,578,13178
396,10,1.7114,2.4216,-1.4094,2.9483,245,560,13178
397,1,0.233,1.5111,2.0192,0,297,650,13212
397,2,0.0863,1.9933,1.9847,0,330,628,13212
397,3,3.3596,5.0682,-3.1496,0,221,833,13212
397,4,1.3692,2.874,0.1956,0.9828,235,612,13212
398,1,0.233,1.5111,2.0192,0,302,645,13245
398,2,0,2.0775,1.8984,0,270,657,13245
398,3,3.3596,5.1928,-2.9397,0,226,837,13245
398,4,1.6568,2.6168,-1.3461,1.4742,173,606,13245
399,1,0.233,1.5111,2.0192,0,294,653,13278
399,2,0,1.9055,2.071,0,317,624,13278
399,3,3.3596,5.0682,-3.1496,0,226,835,13278
399,4,1.5647,2.7516,-0.3912,0.9828,327,603,13278
400,1,0.1553,1.4121,2.0969,0,318,628,13312
400,2,0,1.8072,2.1573,0,348,603,13312
400,3,1.5532,1.4911,-1.8121,0,348,603,13312
400,4,3.3596,5.0682,-3.1496,0,220,840,13312
400,5,1.605,1.9609,-1.4267,0.4914,353,592,13312
400,6,1.7603,2.6307,-0.3912,0.9828,272,603,13312
401,1,0.233,1.5111,2.0192,0,310,638,13345
401,2,0,1.9055,2.071,0,308,626,13345
401,3,3.3596,5.0682,-3.1496,0,216,838,13345
401,4,0.6328,3.8338,1.3922,0.9828,170,684,13345
401,5,2.5312,1.1846,3.0375,0.9828,170,684,13345
401,6,1.5101,2.8716,-0.5034,1.4742,292,609,13345
402,1,0.233,1.5111,2.0192,0,309,638,13378
402,2,0,1.9055,2.071,0,312,618,13378
402,3,3.3596,5.0682,-3.1496,0,227,835,13378
402,4,1.7114,2.7563,-0.5034,1.4742,357,592,13378
403,1,0.1553,1.4121,2.0969,0,297,649,13412
403,2,0,1.9055,2.071,0,300,635,13412
403,3,3.3596,5.1928,-2.9397,0,210,835,13412
403,4,1.6108,2.8163,-0.5034,1.4742,277,622,13412
404,1,0.233,1.5111,2.0192,0,282,665,13445
404,2,0,1.9055,2.071,0,294,641,13445
404,3,3.3596,5.1928,-2.9397,0,221,836,13445
404,4,1.4727,2.2763,-1.2886,0.9828,282,572,13445
404,5,1.49,3.1057,-0.4257,1.4742,221,671,13445
404,6,1.9128,2.5441,-0.8054,1.9656,338,593,13445
405,1,0.233,1.5111,2.0192,0,317,631,13478
405,2,0.1553,1.4121,2.0969,0,317,631,13478
405,3,0,1.9055,2.071,0,317,618,13478
405,4,3.3596,5.1928,-2.9397,0,208,843,13478
405,5,1.8092,2.9138,-0.5321,0.9828,248,611,13478
405,6,1.6568,2.1987,-1.1966,1.9656,262,570,13478
405,7,1.9674,2.4973,-1.139,1.9656,332,599,13478
405,8,1.7086,2.3165,-1.139,2.4569,248,586,13478
406,1,0.233,1.5111,2.0192,0,316,632,13512
406,2,0,1.9055,2.071,0,326,608,13512
406,3,4.2887,3.7301,-3.4718,0,154,863,13512
406,4,3.4056,5.264,-2.9799,0,198,842,13512
406,5,2.071,2.5671,-0.7248,1.4742,402,564,13512
406,6,1.6136,2.3836,-1.139,2.4569,308,590,13512
407,1,0.233,1.5111,2.0192,0,336,610,13545
407,2,0.1553,1.4121,2.0969,0,336,610,13545
407,3,0,1.9055,2.071,0,311,626,13545
407,4,3.3596,5.1928,-2.9397,0,201,842,13545
407,5,1.9157,2.823,-0.6386,0.9828,386,583,13545
407,6,1.907,3.0487,-0.6731,1.9656,294,631,13545
407,7,2.5887,3.8687,0.5753,1.9656,169,587,13545
407,8,1.7258,3.8687,-2.0135,1.9656,169,587,13545
407,9,2.4449,1.4281,3.7393,1.9656,169,587,13545
407,10,1.7603,2.3361,-1.2714,2.4569,304,578,13545
408,1,0.233,1.5111,2.0192,0,307,640,13578
408,2,0,1.9055,2.071,0,323,611,13578
408,3,3.4056,5.1376,-3.1928,0,206,839,13578
408,4,2.0221,2.8029,-0.3193,0.9828,372,585,13578
408,5,5.3155,4.7322,-3.3826,1.4742,154,584,13578
408,6,5.0739,5.1459,-3.141,1.4742,154,584,13578
408,7,-6.5236,4.3932,0.4832,1.4742,154,584,13578
408,8,1.9559,3.1269,-0.6903,1.9656,265,592,13578
408,9,1.8696,4.2411,0.7191,1.9656,153,603,13578
408,10,2.0135,3.7271,-2.0135,1.9656,153,603,13578
408,11,2.7326,1.8949,3.3078,1.9656,153,603,13578
408,12,1.8121,2.4048,-1.3088,2.4569,232,590,13578
409,1,0.233,1.5111,2.0192,0,296,651,13612
409,2,0,1.9055,2.071,0,307,628,13612
409,3,3.4056,5.1376,-3.1928,0,204,842,13612
409,4,2.0767,2.889,-0.2186,0.9828,367,582,13612
409,5,1.9674,2.392,-1.3461,2.9483,218,582,13612
410,1,0.233,1.5111,2.0192,0,326,622,13645
410,2,0.1553,1.4121,2.0969,0,326,622,13645
410,3,0,1.9055,2.071,0,321,614,13645
410,4,3.4056,5.1376,-3.1928,0,205,839,13645
410,5,1.9674,2.9705,-0.1093,0.9828,361,580,13645
410,6,2.0048,3.2482,-0.4717,1.4742,299,606,13645
410,7,2.1285,2.3669,-1.3835,2.4569,203,582,13645
410,8,2.1228,3.0653,-0.9435,2.4569,242,603,13645
411,1,0.233,1.5111,2.0192,0,280,667,13678
411,2,0,1.9055,2.071,0,305,629,13678
411,3,3.3596,5.1928,-2.9397,0,205,836,13678
411,4,2.1228,3.1723,-0.4717,1.4742,278,577,13678
412,1,0.233,1.5111,2.0192,0,312,637,13711
412,2,0,1.9055,2.071,0,302,632,13711
412,3,3.4056,5.1376,-3.1928,0,206,837,13711
412,4,-6.8343,4.1639,2.025,0.9828,163,595,13711
412,5,5.8218,5.5779,-1.7718,0.9828,163,595,13711
412,6,2.2436,2.4948,-1.4583,2.9483,298,576,13711
413,1,0.233,1.5111,2.0192,0,304,643,13744
413,2,0,1.9055,2.071,0,310,624,13744
413,3,3.4056,5.264,-2.9799,0,215,832,13744
413,4,2.4162,2.5171,-1.3807,1.9656,326,572,13744
414,1,0.1553,1.4121,2.0969,0,305,642,13778
414,2,0,1.9055,2.071,0,307,628,13778
414,3,3.4056,5.264,-2.9799,0,217,834,13778
414,4,2.1314,2.9544,-0.3365,0.9828,385,579,13778
414,5,2.3586,2.6228,-1.5331,2.9483,279,564,13778
415,1,0.233,1.5111,2.0192,0,304,643,13811
415,2,0,1.9055,2.071,0,307,626,13811
415,3,3.4056,5.1376,-3.1928,0,200,837,13811
415,4,2.3011,2.9279,-0.4602,0.9828,333,582,13811
415,5,2.5974,2.6342,-1.6079,2.4569,222,554,13811
416,1,0.233,1.5111,2.0192,0,296,651,13845
416,2,0,1.9055,2.071,0,298,636,13845
416,3,3.4056,5.1376,-3.1928,0,197,839,13845
416,4,2.5974,2.6342,-1.6079,1.4742,216,593,13845
417,1,0.233,1.5111,2.0192,0,296,651,13878
417,2,0,1.9055,2.071,0,311,624,13878
417,3,3.6185,4.99,-3.1928,0,208,839,13878
418,1,0.233,1.5111,2.0192,0,309,638,13911
418,2,0,1.9055,2.071,0,310,625,13911
418,3,3.4056,5.1376,-3.1928,0,207,838,13911
418,4,2.4766,2.8829,-0.5897,0.9828,358,577,13911
419,1,0.233,1.5111,2.0192,0,308,640,13945
419,2,0.1553,1.4121,2.0969,0,308,640,13945
419,3,0,1.9055,2.071,0,320,614,13945
419,4,3.4056,5.1376,-3.1928,0,206,836,13945
420,1,0.233,1.5111,2.0192,0,304,641,13978
420,2,0,1.9055,2.071,0,300,634,13978
420,3,3.4056,5.1376,-3.1928,0,202,839,13978
420,4,2.6578,2.845,-0.604,0.9828,344,583,13978
421,1,0.233,1.5111,2.0192,0,293,655,14011
421,2,0,1.9055,2.071,0,300,634,14011
421,3,3.4056,5.1376,-3.1928,0,206,839,14011
422,1,0.1553,1.4121,2.0969,0,337,609,14045
422,2,0.0805,1.471,2.1745,0,341,605,14045
422,3,0,1.9055,2.071,0,339,594,14045
422,4,3.4056,5.1376,-3.1928,0,207,840,14045
422,5,2.4162,2.916,-1.0873,2.4569,281,568,14045
423,1,0.233,1.5111,2.0192,0,329,619,14078
423,2,0,1.9055,2.071,0,313,620,14078
423,3,3.4056,5.1376,-3.1928,0,204,841,14078
423,4,2.5974,2.9956,-0.7421,0.9828,381,564,14078
423,5,2.3011,2.488,-1.6108,1.9656,287,555,14078
424,1,0.233,1.5111,2.0192,0,325,622,14111
424,2,0,1.9055,2.071,0,322,612,14111
424,3,3.4056,5.1376,-3.1928,0,204,840,14111
424,4,2.6578,2.8932,-1.2656,1.9656,198,575,14111
424,5,2.2407,2.7242,-1.5331,2.4569,296,551,14111
425,1,0.233,1.5111,2.0192,0,293,653,14144
425,2,0,1.9055,2.071,0,303,633,14144
425,3,3.4056,5.1376,-3.1928,0,203,840,14144
425,4,2.2953,2.7191,-1.6913,2.9483,214,575,14144
426,1,0.233,1.5111,2.0192,0,307,640,14177
426,2,0,1.9055,2.071,0,324,612,14177
426,3,3.4056,5.1376,-3.1928,0,206,838,14177
427,1,0.233,1.5111,2.0192,0,316,631,14211
427,2,0,1.9055,2.071,0,314,620,14211
427,3,3.4056,5.1376,-3.1928,0,205,839,14211
428,1,0.233,1.5111,2.0192,0,313,635,14245
428,2,0,1.9055,2.071,0,326,609,14245
428,3,3.4056,5.1376,-3.1928,0,208,836,14245
429,1,0.1553,1.4121,2.0969,0,308,639,14278
429,2,0,1.9055,2.071,0,323,612,14278
429,3,3.4056,5.1376,-3.1928,0,203,839,14278
430,1,0.233,1.5111,2.0192,0,304,643,14311
430,2,0,1.9055,2.071,0,311,624,14311
430,3,3.4056,5.1376,-3.1928,0,202,840,14311
430,4,2.9109,2.826,-0.7594,0.9828,309,571,14311
431,1,0.233,1.5111,2.0192,0,317,630,14345
431,2,0,1.9055,2.071,0,332,602,14345
431,3,3.4056,5.1376,-3.1928,0,202,840,14345
431,4,3.4948,2.3104,-0.5177,0.9828,294,566,14345
431,5,1.5532,3.0592,-2.4593,0.9828,294,566,14345
431,6,3.0375,2.8816,-1.6568,2.4569,245,554,14345
432,1,0.233,1.5111,2.0192,0,297,651,14378
432,2,0.1553,1.4121,2.0969,0,297,651,14378
432,3,0,1.9055,2.071,0,298,637,14378
432,4,3.4056,5.264,-2.9799,0,207,838,14378
433,1,0.233,1.5111,2.0192,0,308,638,14411
433,2,0,1.9055,2.071,0,317,618,14411
433,3,3.4056,5.1376,-3.1928,0,201,841,14411
433,4,2.9109,3.1412,-0.5293,0.9828,307,578,14411
434,1,0.233,1.5111,2.0192,0,318,630,14445
434,2,0,1.9055,2.071,0,294,641,14445
434,3,3.4056,5.1376,-3.1928,0,199,842,14445
434,4,3.0375,3.0236,-1.3807,0.9828,316,597,14445
435,1,0.233,1.5111,2.0192,0,307,640,14478
435,2,0,1.9055,2.071,0,316,619,14478
435,3,3.4056,5.264,-2.9799,0,205,839,14478
436,1,0.233,1.5111,2.0192,0,296,650,14511
436,2,0,1.9055,2.071,0,296,637,14511
436,3,3.4056,5.1376,-3.1928,0,201,843,14511
437,1,0.233,1.5111,2.0192,0,316,631,14545
437,2,0.1553,1.4121,2.0969,0,316,631,14545
437,3,0,1.9055,2.071,0,320,615,14545
437,4,3.4056,5.1376,-3.1928,0,199,841,14545
437,5,2.9598,3.4455,-0.7047,1.4742,274,560,14545
438,1,0.1553,1.4121,2.0969,0,309,638,14578
438,2,0,1.9055,2.071,0,316,618,14578
438,3,3.4056,5.1376,-3.1928,0,199,839,14578
438,4,2.8994,3.4005,-0.5405,0.9828,279,585,14578
439,1,0.233,1.5111,2.0192,0,306,642,14611
439,2,0,1.9055,2.071,0,322,612,14611
439,3,3.6185,4.99,-3.1928,0,199,843,14611
439,4,3.1094,2.9791,-0.9463,1.4742,326,562,14611
440,1,0.233,1.5111,2.0192,0,301,646,14644
440,2,0.1553,1.4121,2.0969,0,301,646,14644
440,3,0,1.9055,2.071,0,317,619,14644
440,4,3.6185,4.99,-3.1928,0,203,843,14644
440,5,3.3136,2.8416,-1.1045,1.4742,312,565,14644
441,1,0.233,1.5111,2.0192,0,322,625,14678
441,2,0,1.9055,2.071,0,322,611,14678
441,3,3.4056,5.1376,-3.1928,0,198,841,14678
441,4,2.6463,3.0161,-1.5878,1.4742,165,586,14678
442,1,0.233,1.5111,2.0192,0,331,617,14711
442,2,0,1.9055,2.071,0,333,601,14711
442,3,3.4056,5.1376,-3.1928,0,204,839,14711
443,1,0.233,1.5111,2.0192,0,313,634,14745
443,2,0.1553,1.4121,2.0969,0,313,634,14745
443,3,0.0805,1.471,2.1745,0,315,632,14745
443,4,0,1.9055,2.071,0,309,626,14745
443,5,3.4056,5.1376,-3.1928,0,205,839,14745
443,6,3.1755,2.8079,-1.5187,1.9656,231,567,14745
444,1,0.233,1.5111,2.0192,0,302,645,14777
444,2,0.1553,1.4121,2.0969,0,302,645,14777
444,3,0,1.9055,2.071,0,333,603,14777
444,4,3.4056,5.1376,-3.1928,0,203,840,14777
445,1,0.1553,1.4121,2.0969,0,327,619,14811
445,2,0,1.9055,2.071,0,326,608,14811
445,3,3.4056,5.1376,-3.1928,0,202,841,14811
445,4,3.141,3.6226,-0.8974,1.4742,253,570,14811
446,1,0.233,1.5111,2.0192,0,345,602,14845
446,2,0,1.9055,2.071,0,323,611,14845
446,3,3.4056,5.1376,-3.1928,0,203,841,14845
446,4,3.5063,3.4414,-0.7622,1.4742,203,583,14845
446,5,3.5955,2.5631,-1.582,1.9656,213,571,14845
447,1,0.233,1.5111,2.0192,0,290,656,14878
447,2,0,1.9055,2.071,0,310,626,14878
447,3,3.4056,5.1376,-3.1928,0,197,841,14878
447,4,3.5207,2.7192,-1.7603,1.9656,242,560,14878
448,1,0.1553,1.4121,2.0969,0,327,619,14911
448,2,0.0805,1.471,2.1745,0,333,614,14911
448,3,0,1.9055,2.071,0,336,598,14911
448,4,3.6185,4.99,-3.1928,0,207,840,14911
448,5,3.6674,2.5179,-1.7603,2.4569,215,571,14911
449,1,0.233,1.5111,2.0192,0,322,626,14944
449,2,0,1.9055,2.071,0,318,615,14944
449,3,3.4056,5.1376,-3.1928,0,201,840,14944
449,4,3.6588,2.8259,-1.8294,2.9483,208,571,14944
450,1,0.233,1.5111,2.0192,0,318,628,14977
450,2,0,1.9055,2.071,0,330,606,14977
450,3,3.4056,5.1376,-3.1928,0,200,843,14977
451,1,0.1553,1.4121,2.0969,0,308,640,15011
451,2,0,1.9055,2.071,0,317,616,15011
451,3,3.4056,5.1376,-3.1928,0,203,840,15011
452,1,0.233,1.5111,2.0192,0,302,645,15045
452,2,0.1553,1.4121,2.0969,0,302,645,15045
452,3,0,1.9055,2.071,0,326,608,15045
452,4,3.4056,5.1376,-3.1928,0,199,841,15045
453,1,0.233,1.5111,2.0192,0,331,616,15078
453,2,0,1.9055,2.071,0,318,616,15078
453,3,3.4056,5.1376,-3.1928,0,200,841,15078
453,4,3.8112,2.6166,-1.8294,0.9828,201,580,15078
454,1,0.1553,1.4121,2.0969,0,304,642,15110
454,2,0,1.9055,2.071,0,316,620,15110
454,3,3.4056,5.1376,-3.1928,0,201,841,15110
454,4,3.8112,3.0091,-1.0671,0.9828,209,576,15110
455,1,0.233,1.5111,2.0192,0,277,670,15144
455,2,0,1.9055,2.071,0,301,633,15144
455,3,3.4056,5.1376,-3.1928,0,201,842,15144
456,1,0.233,1.5111,2.0192,0,292,655,15177
456,2,0.1553,1.4121,2.0969,0,292,655,15177
456,3,0,1.9055,2.071,0,314,620,15177
456,4,3.4056,5.1376,-3.1928,0,198,843,15177
457,1,0.233,1.5111,2.0192,0,331,616,15211
457,2,0,1.9055,2.071,0,336,598,15211
457,3,3.4056,5.1376,-3.1928,0,201,841,15211
457,4,3.9636,2.8586,-0.9147,0.9828,270,593,15211
458,1,0.233,1.5111,2.0192,0,299,649,15244
458,2,0,1.9055,2.071,0,320,614,15244
458,3,3.4056,5.1376,-3.1928,0,203,839,15244
458,4,4.1938,2.684,-0.9319,0.9828,321,580,15244
459,1,0.1553,1.4121,2.0969,0,304,643,15278
459,2,0,1.9055,2.071,0,313,622,15278
459,3,3.4056,5.1376,-3.1928,0,202,841,15278
459,4,4.0384,2.9125,-0.9319,0.9828,245,596,15278
460,1,0.233,1.5111,2.0192,0,321,626,15311
460,2,0,1.9055,2.071,0,323,611,15311
460,3,3.4056,5.1376,-3.1928,0,199,842,15311
460,4,3.8112,2.6166,-1.8294,1.4742,249,559,15311
460,5,4.0269,2.8706,-1.7718,1.4742,187,570,15311
461,1,0.233,1.5111,2.0192,0,311,636,15345
461,2,0,1.9055,2.071,0,316,618,15345
461,3,3.4056,5.1376,-3.1928,0,202,840,15345
462,1,0.233,1.5111,2.0192,0,288,658,15378
462,2,0,1.9055,2.071,0,307,626,15378
462,3,3.4056,5.1376,-3.1928,0,202,841,15378
462,4,4.2714,2.7836,-0.791,0.9828,232,578,15378
462,5,2.0566,3.6544,-3.0058,0.9828,232,578,15378
463,1,0.233,1.5111,2.0192,0,308,639,15411
463,2,0.1553,1.4121,2.0969,0,308,639,15411
463,3,0,1.9055,2.071,0,317,618,15411
463,4,3.4056,5.1376,-3.1928,0,202,841,15411
464,1,0.233,1.5111,2.0192,0,342,605,15444
464,2,0,1.9055,2.071,0,307,627,15444
464,3,3.4056,5.1376,-3.1928,0,198,845,15444
465,1,0.1553,1.4121,2.0969,0,315,632,15478
465,2,0,1.9055,2.071,0,333,600,15478
465,3,3.4056,5.1376,-3.1928,0,203,839,15478
466,1,0.233,1.5111,2.0192,0,307,640,15510
466,2,0,1.9055,2.071,0,307,626,15510
466,3,3.4056,5.1376,-3.1928,0,201,841,15510
467,1,0.233,1.5111,2.0192,0,327,620,15544
467,2,0.1553,1.4121,2.0969,0,327,620,15544
467,3,0,1.9055,2.071,0,319,615,15544
467,4,3.4056,5.1376,-3.1928,0,202,841,15544
468,1,0.233,1.5111,2.0192,0,303,645,15578
468,2,0,1.9055,2.071,0,308,626,15578
468,3,3.4056,5.1376,-3.1928,0,200,842,15578
468,4,4.5821,2.4803,-1.8668,2.4569,199,560,15578
469,1,0.233,1.5111,2.0192,0,320,628,15611
469,2,0,1.9055,2.071,0,325,608,15611
469,3,3.4056,5.1376,-3.1928,0,198,845,15611
470,1,0.233,1.5111,2.0192,0,342,605,15644
470,2,0.1553,1.4121,2.0969,0,342,605,15644
470,3,0,1.9055,2.071,0,335,599,15644
470,4,3.4056,5.1376,-3.1928,0,202,841,15644
471,1,0.233,1.5111,2.0192,0,341,607,15678
471,2,0,1.9055,2.071,0,329,606,15678
471,3,3.4056,5.1376,-3.1928,0,201,842,15678
472,1,0.233,1.5111,2.0192,0,311,637,15711
472,2,0.1553,1.4121,2.0969,0,311,637,15711
472,3,0,1.9055,2.071,0,318,617,15711
472,4,3.4056,5.1376,-3.1928,0,200,843,15711
473,1,0.233,1.5111,2.0192,0,312,636,15744
473,2,0,1.9055,2.071,0,310,624,15744
473,3,3.4056,5.1376,-3.1928,0,201,842,15744
474,1,0.1553,1.4121,2.0969,0,300,647,15778
474,2,0,1.9055,2.071,0,306,628,15778
474,3,3.4056,5.1376,-3.1928,0,204,839,15778
475,1,0.233,1.5111,2.0192,0,301,645,15811
475,2,0,1.9055,2.071,0,314,620,15811
475,3,3.4056,5.1376,-3.1928,0,201,842,15811
475,4,4.3376,3.1768,-0.8341,0.9828,279,587,15811
476,1,0.233,1.5111,2.0192,0,321,626,15845
476,2,0,1.9055,2.071,0,318,617,15845
476,3,3.4056,5.1376,-3.1928,0,204,838,15845
477,1,0.233,1.5111,2.0192,0,312,634,15878
477,2,0,1.9055,2.071,0,316,618,15878
477,3,3.4056,5.1376,-3.1928,0,201,840,15878
477,4,4.4584,3.7306,-0.1783,1.4742,150,590,15878
478,1,0.233,1.5111,2.0192,0,288,659,15911
478,2,0,1.9055,2.071,0,311,623,15911
478,3,3.4056,5.1376,-3.1928,0,204,838,15911
479,1,0.1553,1.4121,2.0969,0,317,630,15944
479,2,0,1.9055,2.071,0,317,618,15944
479,3,3.4056,5.1376,-3.1928,0,205,837,15944
480,1,0.0805,1.471,2.1745,0,328,619,15978
480,2,0,1.9055,2.071,0,312,622,15978
480,3,3.4056,5.1376,-3.1928,0,202,841,15978
481,1,0.233,1.5111,2.0192,0,274,673,16011
481,2,0,1.9055,2.071,0,299,635,16011
481,3,3.4056,5.1376,-3.1928,0,200,843,16011
482,1,0.1553,1.4121,2.0969,0,312,635,16044
482,2,0,1.9055,2.071,0,317,618,16044
482,3,3.4056,5.1376,-3.1928,0,203,840,16044
483,1,0.1553,1.4121,2.0969,0,287,660,16078
483,2,0,1.9055,2.071,0,303,632,16078
483,3,3.4056,5.1376,-3.1928,0,203,840,16078
484,1,0.233,1.5111,2.0192,0,279,669,16111
484,2,0,1.9055,2.071,0,295,640,16111
484,3,3.4056,5.1376,-3.1928,0,198,844,16111
485,1,0.233,1.5111,2.0192,0,305,641,16143
485,2,0,1.9055,2.071,0,321,611,16143
485,3,3.4056,5.1376,-3.1928,0,201,842,16143
486,1,0.233,1.5111,2.0192,0,290,657,16177
486,2,0,1.9055,2.071,0,307,628,16177
486,3,3.4056,5.1376,-3.1928,0,201,842,16177
487,1,0.1553,1.4121,2.0969,0,328,619,16210
487,2,0,1.9055,2.071,0,332,603,16210
487,3,3.4056,5.1376,-3.1928,0,201,842,16210
488,1,0.233,1.5111,2.0192,0,317,631,16244
488,2,0.1553,1.4121,2.0969,0,317,631,16244
488,3,0,1.9055,2.071,0,328,606,16244
488,4,3.4056,5.1376,-3.1928,0,203,839,16244
489,1,0.233,1.5111,2.0192,0,306,640,16278
489,2,0,1.9055,2.071,0,315,619,16278
489,3,3.4056,5.1376,-3.1928,0,202,841,16278
490,1,0.233,1.5111,2.0192,0,304,643,16311
490,2,0,1.9055,2.071,0,314,620,16311
490,3,3.4056,5.1376,-3.1928,0,200,842,16311
491,1,0.233,1.5111,2.0192,0,296,650,16344
491,2,0,1.9055,2.071,0,318,618,16344
491,3,3.4056,5.1376,-3.1928,0,202,841,16344
492,1,0.233,1.5111,2.0192,0,293,653,16378
492,2,0,1.9055,2.071,0,313,620,16378
492,3,3.4056,5.1376,-3.1928,0,205,838,16378
493,1,0.233,1.5111,2.0192,0,302,645,16411
493,2,0,1.9055,2.071,0,310,624,16411
493,3,3.4056,5.1376,-3.1928,0,203,840,16411
494,1,0.233,1.5111,2.0192,0,300,647,16443
494,2,0,1.9055,2.071,0,308,627,16443
494,3,3.4056,5.1376,-3.1928,0,202,840,16443
495,1,0.233,1.5111,2.0192,0,329,618,16477
495,2,0,1.9055,2.071,0,322,612,16477
495,3,3.4056,5.1376,-3.1928,0,203,839,16477
496,1,0.233,1.5111,2.0192,0,271,676,16511
496,2,0,1.9055,2.071,0,292,641,16511
496,3,3.4056,5.1376,-3.1928,0,203,839,16511
497,1,0.233,1.5111,2.0192,0,292,655,16544
497,2,0,1.9055,2.071,0,305,629,16544
497,3,3.4056,5.1376,-3.1928,0,201,841,16544
498,1,0.233,1.5111,2.0192,0,304,644,16578
498,2,0,1.9055,2.071,0,314,620,16578
498,3,3.4056,5.1376,-3.1928,0,201,842,16578
499,1,0.233,1.5111,2.0192,0,296,651,16611
499,2,0,1.9055,2.071,0,309,625,16611
499,3,3.4056,5.1376,-3.1928,0,202,840,16611
500,1,0.233,1.5111,2.0192,0,313,634,16644
500,2,0,1.9055,2.071,0,306,628,16644
500,3,3.4056,5.1376,-3.1928,0,202,841,16644
501,1,0.1553,1.4121,2.0969,0,330,617,16678
501,2,0,1.9055,2.071,0,327,607,16678
501,3,3.4056,5.1376,-3.1928,0,201,841,16678
502,1,0.1553,1.4121,2.0969,0,307,641,16711
502,2,0,1.9055,2.071,0,319,615,16711
502,3,3.4056,5.1376,-3.1928,0,203,840,16711
503,1,0.233,1.5111,2.0192,0,293,654,16744
503,2,0,1.9055,2.071,0,311,622,16744
503,3,3.4056,5.1376,-3.1928,0,203,839,16744
