Frame,Timestamp,X [m],Y [m],Z [m],Doppler [m/s]
1,1734347550.300038,-1.5873805284500122,0.7538822293281555,-0.05291268602013588,0.0
1,1734347550.300038,-0.7979232668876648,1.8728011846542358,0.1227574273943901,0.0
1,1734347550.300038,0.4613986313343048,3.7977828979492188,-0.2306993156671524,0.0
1,1734347550.300038,-4.952626705169678,6.5703840255737305,0.0,0.0
1,1734347550.300038,-7.594028949737549,5.978659629821777,-0.8762341141700745,0.0
1,1734347550.300038,3.3756463527679443,9.60236644744873,-0.6137871742248535,0.0
2,1734347550.334284,-0.7979232668876648,1.8728011846542358,0.1227574273943901,0.0
2,1734347550.334284,1.614895224571228,3.46816349029541,0.2306993156671524,0.0
2,1734347550.334284,-4.952626705169678,6.5703840255737305,0.0,0.0
2,1734347550.334284,-7.594028949737549,5.978659629821777,-0.8762341141700745,0.0
2,1734347550.334284,3.682722806930542,9.488899230957031,-0.6137871742248535,0.0
3,1734347550.369223,-0.7979232668876648,1.8728011846542358,0.1227574273943901,0.0
3,1734347550.369223,1.614895224571228,3.475827932357788,0.0,0.0
3,1734347550.369223,-4.952626705169678,6.5703840255737305,0.0,0.0
3,1734347550.369223,-7.594028949737549,5.978659629821777,-0.8762341141700745,0.0
3,1734347550.369223,3.682722806930542,9.488899230957031,-0.6137871742248535,0.0
4,1734347550.403749,-0.7979232668876648,1.8728011846542358,0.1227574273943901,0.0
4,1734347550.403749,0.11640790849924088,3.85905122756958,-0.23281581699848175,0.0
4,1734347550.403749,2.328158378601074,3.088641881942749,0.0,0.0
4,1734347550.403749,-4.952626705169678,6.5703840255737305,0.0,0.0
4,1734347550.403749,-7.594028949737549,5.978659629821777,-0.8762341141700745,0.0
4,1734347550.403749,3.682722806930542,9.488899230957031,-0.6137871742248535,0.0
5,1734347550.437378,-1.5873805284500122,0.7557368278503418,0.0,0.0
5,1734347550.437378,-0.7979232668876648,1.8728011846542358,0.1227574273943901,0.0
5,1734347550.437378,0.3492237329483032,3.844979763031006,-0.23281581699848175,0.0
5,1734347550.437378,1.978934407234192,3.315063238143921,0.23281581699848175,0.0
5,1734347550.437378,-4.952626705169678,6.5703840255737305,0.0,0.0
5,1734347550.437378,-7.594028949737549,5.978659629821777,-0.8762341141700745,0.0
5,1734347550.437378,3.682722806930542,9.488899230957031,-0.6137871742248535,0.0
6,1734347550.471627,-0.7979232668876648,1.8728011846542358,0.1227574273943901,0.0
6,1734347550.471627,2.076293706893921,3.2215323448181152,0.0,0.0
6,1734347550.471627,-4.952626705169678,6.5703840255737305,0.0,0.0
6,1734347550.471627,-7.594028949737549,5.978659629821777,-0.8762341141700745,0.0
6,1734347550.471627,3.682722806930542,9.488899230957031,-0.6137871742248535,0.0
7,1734347550.506812,-0.7979232668876648,1.8728011846542358,0.1227574273943901,0.0
7,1734347550.506812,1.8455945253372192,3.357043504714966,0.1153496578335762,0.0
7,1734347550.506812,-4.952626705169678,6.5703840255737305,0.0,0.0
7,1734347550.506812,-7.594028949737549,5.978659629821777,-0.8762341141700745,0.0
7,1734347550.506812,3.6954219341278076,9.521618843078613,-0.6159036755561829,0.0
8,1734347550.540921,-0.7979232668876648,1.8728011846542358,0.1227574273943901,0.0
8,1734347550.540921,2.076293706893921,3.2194666862487793,0.1153496578335762,0.0
8,1734347550.540921,0.11746615916490555,3.899444818496704,-0.11746615916490555,0.0
8,1734347550.540921,-4.952626705169678,6.5703840255737305,0.0,0.0
8,1734347550.540921,-7.594028949737549,5.978659629821777,-0.8762341141700745,0.0
8,1734347550.540921,3.682722806930542,9.488899230957031,-0.6137871742248535,0.0
9,1734347550.575648,-0.7979232668876648,1.8728011846542358,0.1227574273943901,0.0
9,1734347550.575648,1.9609440565109253,3.290996551513672,0.1153496578335762,0.0
9,1734347550.575648,-4.952626705169678,6.5703840255737305,0.0,0.0
9,1734347550.575648,-7.594028949737549,5.978659629821777,-0.8762341141700745,0.0
9,1734347550.575648,3.6954219341278076,9.521618843078613,-0.6159036755561829,0.0
9,1734347550.575648,0.23704881966114044,3.914888381958008,-0.3555503487586975,1.045017957687378
10,1734347550.608919,-1.5873805284500122,0.7557368278503418,0.0,0.0
10,1734347550.608919,-0.7979232668876648,1.8728011846542358,0.1227574273943901,0.0
10,1734347550.608919,1.8455945253372192,3.357043504714966,0.1153496578335762,0.0
10,1734347550.608919,-4.952626705169678,6.5703840255737305,0.0,0.0
10,1734347550.608919,-7.594028949737549,5.978659629821777,-0.8762341141700745,0.0
10,1734347550.608919,3.682722806930542,9.488899230957031,-0.6137871742248535,0.0
10,1734347550.608919,3.6954219341278076,9.521618843078613,-0.6159036755561829,0.0
10,1734347550.608919,0.23704881966114044,3.923849105834961,-0.23704881966114044,1.045017957687378
11,1734347550.643706,-0.7979232668876648,1.8728011846542358,0.1227574273943901,0.0
11,1734347550.643706,1.9609440565109253,3.293017625808716,0.0,0.0
11,1734347550.643706,-4.952626705169678,6.5703840255737305,0.0,0.0
11,1734347550.643706,-7.594028949737549,5.978659629821777,-0.8762341141700745,0.0
11,1734347550.643706,3.3756463527679443,9.60236644744873,-0.6137871742248535,0.0
12,1734347550.67795,-0.7979232668876648,1.8728011846542358,0.1227574273943901,0.0
12,1734347550.67795,1.8455945253372192,3.357043504714966,0.1153496578335762,0.0
12,1734347550.67795,-4.952626705169678,6.5703840255737305,0.0,0.0
12,1734347550.67795,-7.594028949737549,5.978659629821777,-0.8762341141700745,0.0
12,1734347550.67795,3.682722806930542,9.488899230957031,-0.6137871742248535,0.0
12,1734347550.67795,0.3587479889392853,3.949842691421509,-0.23916533589363098,1.045017957687378
13,1734347550.712782,-0.7979232668876648,1.8728011846542358,0.1227574273943901,0.0
13,1734347550.712782,1.8455945253372192,3.357043504714966,0.1153496578335762,0.0
13,1734347550.712782,-4.952626705169678,6.5703840255737305,0.0,0.0
13,1734347550.712782,-7.594028949737549,5.978659629821777,-0.8762341141700745,0.0
13,1734347550.712782,3.682722806930542,9.488899230957031,-0.6137871742248535,0.0
14,1734347550.746637,-0.7979232668876648,1.8728011846542358,0.1227574273943901,0.0
14,1734347550.746637,1.8455945253372192,3.357043504714966,0.1153496578335762,0.0
14,1734347550.746637,-4.704995632171631,6.74537992477417,-0.24763135612010956,0.0
14,1734347550.746637,-7.594028949737549,5.978659629821777,-0.8762341141700745,0.0
14,1734347550.746637,3.6954219341278076,9.521618843078613,-0.6159036755561829,0.0
14,1734347550.746637,0.24128183722496033,3.993917942047119,-0.24128183722496033,1.045017957687378
15,1734347550.781596,-0.7979232668876648,1.8728011846542358,0.1227574273943901,0.0
15,1734347550.781596,1.8455945253372192,3.357043504714966,0.1153496578335762,0.0
15,1734347550.781596,-4.952626705169678,6.5703840255737305,0.0,0.0
15,1734347550.781596,-7.594028949737549,5.978659629821777,-0.8762341141700745,0.0
15,1734347550.781596,3.3756463527679443,9.60236644744873,-0.6137871742248535,0.0
16,1734347550.815236,-0.7979232668876648,1.8728011846542358,0.1227574273943901,0.0
16,1734347550.815236,1.8455945253372192,3.357043504714966,0.1153496578335762,0.0
16,1734347550.815236,-4.952626705169678,6.5703840255737305,0.0,0.0
16,1734347550.815236,-7.594028949737549,5.978659629821777,-0.8762341141700745,0.0
16,1734347550.815236,3.682722806930542,9.488899230957031,-0.6137871742248535,0.0
16,1734347550.815236,3.6954219341278076,9.521618843078613,-0.6159036755561829,0.0
17,1734347550.850449,-0.7979232668876648,1.8728011846542358,0.1227574273943901,0.0
17,1734347550.850449,1.8455945253372192,3.3590247631073,0.0,0.0
17,1734347550.850449,-4.952626705169678,6.5703840255737305,0.0,0.0
17,1734347550.850449,-7.594028949737549,5.978659629821777,-0.8762341141700745,0.0
17,1734347550.850449,3.3756463527679443,9.60236644744873,-0.6137871742248535,0.0
18,1734347550.883842,-0.7979232668876648,1.8728011846542358,0.1227574273943901,0.0
18,1734347550.883842,1.8455945253372192,3.357043504714966,0.1153496578335762,0.0
18,1734347550.883842,-4.952626705169678,6.5703840255737305,0.0,0.0
18,1734347550.883842,-7.594028949737549,5.978659629821777,-0.8762341141700745,0.0
18,1734347550.883842,3.682722806930542,9.488899230957031,-0.6137871742248535,0.0
18,1734347550.883842,0.12487392872571945,4.145355701446533,-0.12487392872571945,1.045017957687378
18,1734347550.883842,0.3841460943222046,4.229477882385254,-0.2560974061489105,1.045017957687378
19,1734347550.918144,-0.7979232668876648,1.8728011846542358,0.1227574273943901,0.0
19,1734347550.918144,1.8455945253372192,3.357043504714966,0.1153496578335762,0.0
19,1734347550.918144,-4.952626705169678,6.5703840255737305,0.0,0.0
19,1734347550.918144,-7.594028949737549,5.978659629821777,-0.8762341141700745,0.0
19,1734347550.918144,3.6954219341278076,9.521618843078613,-0.6159036755561829,0.0
20,1734347550.952785,-0.7979232668876648,1.8728011846542358,0.1227574273943901,0.0
20,1734347550.952785,1.8455945253372192,3.357043504714966,0.1153496578335762,0.0
20,1734347550.952785,-4.952626705169678,6.5703840255737305,0.0,0.0
20,1734347550.952785,-7.594028949737549,5.978659629821777,-0.8762341141700745,0.0
20,1734347550.952785,3.682722806930542,9.488899230957031,-0.6137871742248535,0.0
21,1734347550.986886,-0.7979232668876648,1.8728011846542358,0.1227574273943901,0.0
21,1734347550.986886,1.8455945253372192,3.3590247631073,0.0,0.0
21,1734347550.986886,-4.952626705169678,6.5703840255737305,0.0,0.0
21,1734347550.986886,-7.594028949737549,5.978659629821777,-0.8762341141700745,0.0
21,1734347550.986886,3.6954219341278076,9.521618843078613,-0.6159036755561829,0.0
22,1734347551.020687,-0.7979232668876648,1.8728011846542358,0.1227574273943901,0.0
22,1734347551.020687,1.8455945253372192,3.357043504714966,0.1153496578335762,0.0
22,1734347551.020687,-4.952626705169678,6.5703840255737305,0.0,0.0
22,1734347551.020687,-7.594028949737549,5.978659629821777,-0.8762341141700745,0.0
22,1734347551.020687,3.6954219341278076,9.521618843078613,-0.6159036755561829,0.0
23,1734347551.05607,-0.7979232668876648,1.8728011846542358,0.1227574273943901,0.0
23,1734347551.05607,1.8455945253372192,3.357043504714966,0.1153496578335762,0.0
23,1734347551.05607,-4.952626705169678,6.5703840255737305,0.0,0.0
23,1734347551.05607,-7.594028949737549,5.978659629821777,-0.8762341141700745,0.0
23,1734347551.05607,3.682722806930542,9.488899230957031,-0.6137871742248535,0.0
24,1734347551.090217,-0.7979232668876648,1.8728011846542358,0.1227574273943901,0.0
24,1734347551.090217,1.8455945253372192,3.357043504714966,0.1153496578335762,0.0
24,1734347551.090217,-4.952626705169678,6.5703840255737305,0.0,0.0
24,1734347551.090217,-7.594028949737549,5.978659629821777,-0.8762341141700745,0.0
24,1734347551.090217,3.682722806930542,9.488899230957031,-0.6137871742248535,0.0
24,1734347551.090217,0.2645634412765503,4.37929630279541,-0.2645634412765503,1.045017957687378
25,1734347551.124,-0.7979232668876648,1.8728011846542358,0.1227574273943901,0.0
25,1734347551.124,1.8455945253372192,3.357043504714966,0.1153496578335762,0.0
25,1734347551.124,-4.952626705169678,6.5703840255737305,0.0,0.0
25,1734347551.124,-7.594028949737549,5.978659629821777,-0.8762341141700745,0.0
25,1734347551.124,3.682722806930542,9.488899230957031,-0.6137871742248535,0.0
25,1734347551.124,0.13333997130393982,4.42036771774292,-0.26667994260787964,1.045017957687378
26,1734347551.158963,-0.7979232668876648,1.8728011846542358,0.1227574273943901,0.0
26,1734347551.158963,1.8455945253372192,3.357043504714966,0.1153496578335762,0.0
26,1734347551.158963,-4.952626705169678,6.5703840255737305,0.0,0.0
26,1734347551.158963,-7.594028949737549,5.978659629821777,-0.8762341141700745,0.0
26,1734347551.158963,3.682722806930542,9.488899230957031,-0.6137871742248535,0.0
27,1734347551.193241,-0.7979232668876648,1.8728011846542358,0.1227574273943901,0.0
27,1734347551.193241,1.8455945253372192,3.3590247631073,0.0,0.0
27,1734347551.193241,-4.952626705169678,6.5703840255737305,0.0,0.0
27,1734347551.193241,-7.594028949737549,5.978659629821777,-0.8762341141700745,0.0
27,1734347551.193241,3.682722806930542,9.488899230957031,-0.6137871742248535,0.0
27,1734347551.193241,0.41589367389678955,4.534737586975098,-0.6931561827659607,2.090035915374756
28,1734347551.227538,-0.7979232668876648,1.8728011846542358,0.1227574273943901,0.0
28,1734347551.227538,1.8455945253372192,3.3590247631073,0.0,0.0
28,1734347551.227538,-4.952626705169678,6.5703840255737305,0.0,0.0
28,1734347551.227538,-7.301950931549072,6.33207368850708,-0.8762341141700745,0.0
28,1734347551.227538,3.682722806930542,9.488899230957031,-0.6137871742248535,0.0
28,1734347551.227538,0.13545647263526917,4.496656894683838,-0.13545647263526917,1.045017957687378
29,1734347551.262146,-0.7979232668876648,1.8728011846542358,0.1227574273943901,0.0
29,1734347551.262146,1.8455945253372192,3.357043504714966,0.1153496578335762,0.0
29,1734347551.262146,-4.952626705169678,6.5703840255737305,0.0,0.0
29,1734347551.262146,-7.301950931549072,6.284742832183838,-1.1683121919631958,0.0
29,1734347551.262146,3.682722806930542,9.488899230957031,-0.6137871742248535,0.0
29,1734347551.262146,0.13651472330093384,4.533843040466309,0.0,1.045017957687378
30,1734347551.29604,-0.7979232668876648,1.8728011846542358,0.1227574273943901,0.0
30,1734347551.29604,1.8455945253372192,3.357043504714966,0.1153496578335762,0.0
30,1734347551.29604,-4.952626705169678,6.5703840255737305,0.0,0.0
30,1734347551.29604,-7.594028949737549,5.978659629821777,-0.8762341141700745,0.0
30,1734347551.29604,3.682722806930542,9.488899230957031,-0.6137871742248535,0.0
30,1734347551.29604,0.0,4.568988800048828,-0.1375729739665985,1.045017957687378
31,1734347551.330593,-0.7979232668876648,1.8728011846542358,0.1227574273943901,0.0
31,1734347551.330593,1.8455945253372192,3.357043504714966,0.1153496578335762,0.0
31,1734347551.330593,-4.952626705169678,6.5703840255737305,0.0,0.0
31,1734347551.330593,-7.594028949737549,5.978659629821777,-0.8762341141700745,0.0
31,1734347551.330593,3.682722806930542,9.488899230957031,-0.6137871742248535,0.0
31,1734347551.330593,0.9185642004013062,0.19429504871368408,-0.29631105065345764,1.045017957687378
32,1734347551.365263,-0.7979232668876648,1.8728011846542358,0.1227574273943901,0.0
32,1734347551.365263,1.8455945253372192,3.357043504714966,0.1153496578335762,0.0
32,1734347551.365263,-4.952626705169678,6.5703840255737305,0.0,0.0
32,1734347551.365263,-7.594028949737549,5.978659629821777,-0.8762341141700745,0.0
32,1734347551.365263,3.3756463527679443,9.60236644744873,-0.6137871742248535,0.0
32,1734347551.365263,0.14074774086475372,4.672307968139648,0.14074774086475372,1.045017957687378
33,1734347551.399646,-0.7979232668876648,1.8728011846542358,0.1227574273943901,0.0
33,1734347551.399646,1.8455945253372192,3.357043504714966,0.1153496578335762,0.0
33,1734347551.399646,-4.952626705169678,6.5703840255737305,0.0,0.0
33,1734347551.399646,-7.594028949737549,5.978659629821777,-0.8762341141700745,0.0
33,1734347551.399646,3.3756463527679443,9.60236644744873,-0.6137871742248535,0.0
33,1734347551.399646,3.6954219341278076,9.521618843078613,-0.6159036755561829,0.0
33,1734347551.399646,0.1418059915304184,4.707437515258789,0.1418059915304184,1.045017957687378
34,1734347551.432942,-0.8466029763221741,0.19619819521903992,-0.13228172063827515,0.0
34,1734347551.432942,-0.7979232668876648,1.8728011846542358,0.1227574273943901,0.0
34,1734347551.432942,1.8455945253372192,3.357043504714966,0.1153496578335762,0.0
34,1734347551.432942,-4.952626705169678,6.5703840255737305,0.0,0.0
34,1734347551.432942,-7.594028949737549,5.978659629821777,-0.8762341141700745,0.0
34,1734347551.432942,3.682722806930542,9.488899230957031,-0.6137871742248535,0.0
34,1734347551.432942,0.28572848439216614,4.738262176513672,0.0,1.045017957687378
35,1734347551.468731,-0.7979232668876648,1.8728011846542358,0.1227574273943901,0.0
35,1734347551.468731,1.8455945253372192,3.357043504714966,0.1153496578335762,0.0
35,1734347551.468731,-4.952626705169678,6.5703840255737305,0.0,0.0
35,1734347551.468731,-7.594028949737549,5.978659629821777,-0.8762341141700745,0.0
35,1734347551.468731,3.682722806930542,9.488899230957031,-0.6137871742248535,0.0
36,1734347551.502493,0.8201466202735901,0.2873844802379608,-0.13228172063827515,0.0
36,1734347551.502493,-0.7979232668876648,1.8728011846542358,0.1227574273943901,0.0
36,1734347551.502493,1.8455945253372192,3.357043504714966,0.1153496578335762,0.0
36,1734347551.502493,-4.952626705169678,6.5703840255737305,0.0,0.0
36,1734347551.502493,-7.594028949737549,5.978659629821777,-0.8762341141700745,0.0
36,1734347551.502493,3.6954219341278076,9.521618843078613,-0.6159036755561829,0.0
36,1734347551.502493,-0.14498074352741241,4.812828063964844,-0.14498074352741241,1.045017957687378
36,1734347551.502493,0.29631105065345764,4.904811382293701,-0.29631105065345764,1.045017957687378
37,1734347551.536645,0.8201466202735901,0.2873844802379608,-0.13228172063827515,0.0
37,1734347551.536645,-0.7979232668876648,1.8728011846542358,0.1227574273943901,0.0
37,1734347551.536645,1.8455945253372192,3.357043504714966,0.1153496578335762,0.0
37,1734347551.536645,-4.952626705169678,6.5703840255737305,0.0,0.0
37,1734347551.536645,-7.594028949737549,5.978659629821777,-0.8762341141700745,0.0
37,1734347551.536645,3.682722806930542,9.488899230957031,-0.6137871742248535,0.0
38,1734347551.571235,-0.7979232668876648,1.8728011846542358,0.1227574273943901,0.0
38,1734347551.571235,1.9609440565109253,3.293017625808716,0.0,0.0
38,1734347551.571235,-4.952626705169678,6.5703840255737305,0.0,0.0
38,1734347551.571235,-7.594028949737549,5.978659629821777,-0.8762341141700745,0.0
38,1734347551.571235,3.682722806930542,9.488899230957031,-0.6137871742248535,0.0
38,1734347551.571235,0.1492137759923935,4.9533491134643555,-0.1492137759923935,2.090035915374756
39,1734347551.605246,-0.7979232668876648,1.8728011846542358,0.1227574273943901,0.0
39,1734347551.605246,1.9609440565109253,3.293017625808716,0.0,0.0
39,1734347551.605246,-4.952626705169678,6.5703840255737305,0.0,0.0
39,1734347551.605246,-7.301950931549072,6.33207368850708,-0.8762341141700745,0.0
39,1734347551.605246,3.3756463527679443,9.60236644744873,-0.6137871742248535,0.0
39,1734347551.605246,0.0,4.993003845214844,0.0,1.045017957687378
39,1734347551.605246,0.0,5.077665328979492,-0.46034035086631775,2.090035915374756
40,1734347551.638796,-0.7979232668876648,1.8728011846542358,0.1227574273943901,0.0
40,1734347551.638796,1.8455945253372192,3.357043504714966,0.1153496578335762,0.0
40,1734347551.638796,-4.952626705169678,6.5703840255737305,0.0,0.0
40,1734347551.638796,-7.594028949737549,5.978659629821777,-0.8762341141700745,0.0
40,1734347551.638796,3.682722806930542,9.488899230957031,-0.6137871742248535,0.0
40,1734347551.638796,0.0,5.028165817260742,0.0,1.045017957687378
41,1734347551.67451,-0.7979232668876648,1.8728011846542358,0.1227574273943901,0.0
41,1734347551.67451,1.8455945253372192,3.357043504714966,0.1153496578335762,0.0
41,1734347551.67451,-4.952626705169678,6.5703840255737305,0.0,0.0
41,1734347551.67451,-7.594028949737549,5.978659629821777,-0.8762341141700745,0.0
41,1734347551.67451,3.682722806930542,9.488899230957031,-0.6137871742248535,0.0
42,1734347551.708243,-0.7979232668876648,1.8728011846542358,0.1227574273943901,0.0
42,1734347551.708243,1.8455945253372192,3.357043504714966,0.1153496578335762,0.0
42,1734347551.708243,-4.952626705169678,6.5703840255737305,0.0,0.0
42,1734347551.708243,-7.594028949737549,5.978659629821777,-0.8762341141700745,0.0
42,1734347551.708243,3.682722806930542,9.488899230957031,-0.6137871742248535,0.0
42,1734347551.708243,3.6954219341278076,9.521618843078613,-0.6159036755561829,0.0
42,1734347551.708243,-0.15133027732372284,5.023609161376953,-0.15133027732372284,1.045017957687378
43,1734347551.742747,-0.7979232668876648,1.8728011846542358,0.1227574273943901,0.0
43,1734347551.742747,1.8455945253372192,3.357043504714966,0.1153496578335762,0.0
43,1734347551.742747,-4.952626705169678,6.5703840255737305,0.0,0.0
43,1734347551.742747,-7.594028949737549,5.978659629821777,-0.8762341141700745,0.0
43,1734347551.742747,3.682722806930542,9.488899230957031,-0.6137871742248535,0.0
43,1734347551.742747,-0.3090100884437561,5.122013092041016,-0.15450504422187805,1.045017957687378
44,1734347551.777436,-0.7979232668876648,1.8728011846542358,0.1227574273943901,0.0
44,1734347551.777436,1.8455945253372192,3.357043504714966,0.1153496578335762,0.0
44,1734347551.777436,-4.952626705169678,6.5703840255737305,0.0,0.0
44,1734347551.777436,-7.594028949737549,5.978659629821777,-0.8762341141700745,0.0
44,1734347551.777436,3.682722806930542,9.488899230957031,-0.6137871742248535,0.0
44,1734347551.777436,0.0,5.201618194580078,-0.1566215455532074,1.045017957687378
45,1734347551.811179,-1.5873805284500122,0.7557368278503418,0.0,0.0
45,1734347551.811179,-0.7979232668876648,1.8728011846542358,0.1227574273943901,0.0
45,1734347551.811179,1.8455945253372192,3.357043504714966,0.1153496578335762,0.0
45,1734347551.811179,-4.952626705169678,6.5703840255737305,0.0,0.0
45,1734347551.811179,-7.594028949737549,5.978659629821777,-0.8762341141700745,0.0
45,1734347551.811179,3.682722806930542,9.488899230957031,-0.6137871742248535,0.0
45,1734347551.811179,3.6954219341278076,9.521618843078613,-0.6159036755561829,0.0
45,1734347551.811179,0.0,5.236764430999756,-0.15767979621887207,1.045017957687378
46,1734347551.845069,-0.7979232668876648,1.8728011846542358,0.1227574273943901,0.0
46,1734347551.845069,1.8455945253372192,3.357043504714966,0.1153496578335762,0.0
46,1734347551.845069,-4.952626705169678,6.5703840255737305,0.0,0.0
46,1734347551.845069,-7.594028949737549,5.978659629821777,-0.8762341141700745,0.0
46,1734347551.845069,3.682722806930542,9.488899230957031,-0.6137871742248535,0.0
46,1734347551.845069,0.0,5.342202186584473,-0.16085456311702728,1.045017957687378
47,1734347551.879946,-0.7979232668876648,1.8728011846542358,0.1227574273943901,0.0
47,1734347551.879946,1.8455945253372192,3.357043504714966,0.1153496578335762,0.0
47,1734347551.879946,-4.952626705169678,6.5703840255737305,0.0,0.0
47,1734347551.879946,-7.594028949737549,5.978659629821777,-0.8762341141700745,0.0
47,1734347551.879946,3.682722806930542,9.488899230957031,-0.6137871742248535,0.0
48,1734347551.914972,-0.7979232668876648,1.8728011846542358,0.1227574273943901,0.0
48,1734347551.914972,1.8455945253372192,3.357043504714966,0.1153496578335762,0.0
48,1734347551.914972,-4.952626705169678,6.5703840255737305,0.0,0.0
48,1734347551.914972,-7.594028949737549,5.978659629821777,-0.8762341141700745,0.0
48,1734347551.914972,3.682722806930542,9.488899230957031,-0.6137871742248535,0.0
48,1734347551.914972,-0.16508758068084717,5.472836494445801,-0.33017516136169434,2.090035915374756
49,1734347551.948494,-0.7979232668876648,1.8728011846542358,0.1227574273943901,0.0
49,1734347551.948494,1.8455945253372192,3.357043504714966,0.1153496578335762,0.0
49,1734347551.948494,-4.952626705169678,6.5703840255737305,0.0,0.0
49,1734347551.948494,-7.594028949737549,5.978659629821777,-0.8762341141700745,0.0
49,1734347551.948494,3.682722806930542,9.488899230957031,-0.6137871742248535,0.0
49,1734347551.948494,3.6954219341278076,9.521618843078613,-0.6159036755561829,0.0
49,1734347551.948494,0.0,5.440227031707764,-0.3280586302280426,1.045017957687378
49,1734347551.948494,-0.16508758068084717,5.472836494445801,-0.33017516136169434,2.090035915374756
50,1734347551.98257,-0.7979232668876648,1.8728011846542358,0.1227574273943901,0.0
50,1734347551.98257,1.8455945253372192,3.357043504714966,0.1153496578335762,0.0
50,1734347551.98257,-4.704995632171631,6.74537992477417,-0.24763135612010956,0.0
50,1734347551.98257,-7.594028949737549,5.978659629821777,-0.8762341141700745,0.0
50,1734347551.98257,3.682722806930542,9.488899230957031,-0.6137871742248535,0.0
50,1734347551.98257,0.0,5.482787132263184,-0.16508758068084717,2.090035915374756
51,1734347552.017368,-0.7979232668876648,1.8728011846542358,0.1227574273943901,0.0
51,1734347552.017368,1.8455945253372192,3.357043504714966,0.1153496578335762,0.0
51,1734347552.017368,-4.952626705169678,6.5703840255737305,0.0,0.0
51,1734347552.017368,-7.594028949737549,5.978659629821777,-0.8762341141700745,0.0
51,1734347552.017368,3.682722806930542,9.488899230957031,-0.6137871742248535,0.0
51,1734347552.017368,-0.16614583134651184,5.517933368682861,0.0,2.090035915374756
52,1734347552.051168,-0.7979232668876648,1.8728011846542358,0.1227574273943901,0.0
52,1734347552.051168,1.8455945253372192,3.357043504714966,0.1153496578335762,0.0
52,1734347552.051168,-4.952626705169678,6.5703840255737305,0.0,0.0
52,1734347552.051168,-7.594028949737549,5.978659629821777,-0.8762341141700745,0.0
52,1734347552.051168,3.682722806930542,9.488899230957031,-0.6137871742248535,0.0
52,1734347552.051168,-0.16932059824466705,5.623371124267578,0.0,1.045017957687378
53,1734347552.085837,-0.7979232668876648,1.8728011846542358,0.1227574273943901,0.0
53,1734347552.085837,1.8455945253372192,3.357043504714966,0.1153496578335762,0.0
53,1734347552.085837,-4.952626705169678,6.5703840255737305,0.0,0.0
53,1734347552.085837,-7.594028949737549,5.978659629821777,-0.8762341141700745,0.0
53,1734347552.085837,3.3756463527679443,9.60236644744873,-0.6137871742248535,0.0
54,1734347552.120292,-0.7979232668876648,1.8728011846542358,0.1227574273943901,0.0
54,1734347552.120292,1.8455945253372192,3.357043504714966,0.1153496578335762,0.0
54,1734347552.120292,-4.952626705169678,6.5703840255737305,0.0,0.0
54,1734347552.120292,-7.594028949737549,5.978659629821777,-0.8762341141700745,0.0
54,1734347552.120292,3.682722806930542,9.488899230957031,-0.6137871742248535,0.0
54,1734347552.120292,0.1714370995759964,5.693663120269775,0.0,1.045017957687378
55,1734347552.155087,-0.7979232668876648,1.8728011846542358,0.1227574273943901,0.0
55,1734347552.155087,1.8455945253372192,3.357043504714966,0.1153496578335762,0.0
55,1734347552.155087,-4.952626705169678,6.5703840255737305,0.0,0.0
55,1734347552.155087,-7.301950931549072,6.33207368850708,-0.8762341141700745,0.0
55,1734347552.155087,3.3756463527679443,9.60236644744873,-0.6137871742248535,0.0
55,1734347552.155087,-0.3471072018146515,5.7561116218566895,0.0,1.045017957687378
56,1734347552.18925,-1.5873805284500122,0.7557368278503418,0.0,0.0
56,1734347552.18925,-0.7979232668876648,1.8728011846542358,0.1227574273943901,0.0
56,1734347552.18925,1.8455945253372192,3.357043504714966,0.1153496578335762,0.0
56,1734347552.18925,-4.952626705169678,6.5703840255737305,0.0,0.0
56,1734347552.18925,-7.301950931549072,6.33207368850708,-0.8762341141700745,0.0
56,1734347552.18925,3.682722806930542,9.488899230957031,-0.6137871742248535,0.0
56,1734347552.18925,-0.1746118664741516,5.796472072601318,-0.1746118664741516,2.090035915374756
57,1734347552.222798,-0.7979232668876648,1.8728011846542358,0.1227574273943901,0.0
57,1734347552.222798,1.8455945253372192,3.357043504714966,0.1153496578335762,0.0
57,1734347552.222798,-4.952626705169678,6.5703840255737305,0.0,0.0
57,1734347552.222798,-7.594028949737549,5.978659629821777,-0.8762341141700745,0.0
57,1734347552.222798,3.682722806930542,9.488899230957031,-0.6137871742248535,0.0
57,1734347552.222798,-0.17777517437934875,5.893823623657227,-0.3555503487586975,2.090035915374756
58,1734347552.257652,-0.7979232668876648,1.8728011846542358,0.1227574273943901,0.0
58,1734347552.257652,1.8455945253372192,3.357043504714966,0.1153496578335762,0.0
58,1734347552.257652,-4.952626705169678,6.5703840255737305,0.0,0.0
58,1734347552.257652,-7.594028949737549,5.978659629821777,-0.8762341141700745,0.0
58,1734347552.257652,3.3756463527679443,9.60236644744873,-0.6137871742248535,0.0
59,1734347552.292366,-1.5873805284500122,0.7557368278503418,0.0,0.0
59,1734347552.292366,-0.7979232668876648,1.8728011846542358,0.1227574273943901,0.0
59,1734347552.292366,1.8455945253372192,3.357043504714966,0.1153496578335762,0.0
59,1734347552.292366,-4.952626705169678,6.5703840255737305,0.0,0.0
59,1734347552.292366,-7.594028949737549,5.978659629821777,-0.8762341141700745,0.0
59,1734347552.292366,3.682722806930542,9.488899230957031,-0.6137871742248535,0.0
60,1734347552.326544,-0.7979232668876648,1.8728011846542358,0.1227574273943901,0.0
60,1734347552.326544,1.8455945253372192,3.357043504714966,0.1153496578335762,0.0
60,1734347552.326544,-4.952626705169678,6.5703840255737305,0.0,0.0
60,1734347552.326544,-7.594028949737549,5.978659629821777,-0.8762341141700745,0.0
60,1734347552.326544,3.682722806930542,9.488899230957031,-0.6137871742248535,0.0
60,1734347552.326544,-0.17990311980247498,5.972123146057129,-0.17990311980247498,2.090035915374756
61,1734347552.360605,-0.7979232668876648,1.8728011846542358,0.1227574273943901,0.0
61,1734347552.360605,1.8455945253372192,3.357043504714966,0.1153496578335762,0.0
61,1734347552.360605,-4.952626705169678,6.5703840255737305,0.0,0.0
61,1734347552.360605,-7.594028949737549,5.978659629821777,-0.8762341141700745,0.0
61,1734347552.360605,3.682722806930542,9.488899230957031,-0.6137871742248535,0.0
61,1734347552.360605,-0.18201963603496552,6.042382717132568,-0.18201963603496552,2.090035915374756
62,1734347552.394691,-0.7979232668876648,1.8728011846542358,0.1227574273943901,0.0
62,1734347552.394691,1.8455945253372192,3.357043504714966,0.1153496578335762,0.0
62,1734347552.394691,-4.952626705169678,6.5703840255737305,0.0,0.0
62,1734347552.394691,-7.594028949737549,5.978659629821777,-0.8762341141700745,0.0
62,1734347552.394691,3.682722806930542,9.488899230957031,-0.6137871742248535,0.0
62,1734347552.394691,-0.1830778867006302,6.077513217926025,-0.1830778867006302,2.090035915374756
63,1734347552.429748,-0.7979232668876648,1.8728011846542358,0.1227574273943901,0.0
63,1734347552.429748,1.8455945253372192,3.357043504714966,0.1153496578335762,0.0
63,1734347552.429748,-4.952626705169678,6.5703840255737305,0.0,0.0
63,1734347552.429748,-7.301950931549072,6.33207368850708,-0.8762341141700745,0.0
63,1734347552.429748,3.682722806930542,9.488899230957031,-0.6137871742248535,0.0
63,1734347552.429748,-0.18413615226745605,6.104317665100098,-0.3682723045349121,2.090035915374756
64,1734347552.463557,-0.7979232668876648,1.8728011846542358,0.1227574273943901,0.0
64,1734347552.463557,1.8455945253372192,3.357043504714966,0.1153496578335762,0.0
64,1734347552.463557,-4.952626705169678,6.5703840255737305,0.0,0.0
64,1734347552.463557,-7.594028949737549,5.978659629821777,-0.8762341141700745,0.0
64,1734347552.463557,3.682722806930542,9.488899230957031,-0.6137871742248535,0.0
64,1734347552.463557,-0.1830778867006302,6.069234848022461,-0.3661557734012604,2.090035915374756
64,1734347552.463557,-0.1862526535987854,6.174482345581055,-0.3725053071975708,2.090035915374756
65,1734347552.498168,-0.7979232668876648,1.8728011846542358,0.1227574273943901,0.0
65,1734347552.498168,1.8455945253372192,3.357043504714966,0.1153496578335762,0.0
65,1734347552.498168,-4.952626705169678,6.5703840255737305,0.0,0.0
65,1734347552.498168,-7.594028949737549,5.978659629821777,-0.8762341141700745,0.0
65,1734347552.498168,3.682722806930542,9.488899230957031,-0.6137871742248535,0.0
65,1734347552.498168,0.0,6.256000518798828,-0.18836916983127594,2.090035915374756
66,1734347552.532574,-0.7979232668876648,1.8728011846542358,0.1227574273943901,0.0
66,1734347552.532574,1.8455945253372192,3.357043504714966,0.1153496578335762,0.0
66,1734347552.532574,-4.952626705169678,6.5703840255737305,0.0,0.0
66,1734347552.532574,-7.594028949737549,5.978659629821777,-0.8762341141700745,0.0
66,1734347552.532574,3.682722806930542,9.488899230957031,-0.6137871742248535,0.0
66,1734347552.532574,-0.18731090426445007,6.218034267425537,-0.18731090426445007,2.090035915374756
67,1734347552.56649,-1.5873805284500122,0.7557368278503418,0.0,0.0
67,1734347552.56649,-0.7979232668876648,1.8728011846542358,0.1227574273943901,0.0
67,1734347552.56649,1.8455945253372192,3.357043504714966,0.1153496578335762,0.0
67,1734347552.56649,-4.952626705169678,6.5703840255737305,0.0,0.0
67,1734347552.56649,-7.594028949737549,5.978659629821777,-0.8762341141700745,0.0
67,1734347552.56649,3.682722806930542,9.488899230957031,-0.6137871742248535,0.0
67,1734347552.56649,-0.19048567116260529,6.323423862457275,-0.19048567116260529,1.045017957687378
68,1734347552.601531,-1.6402932405471802,0.6327347159385681,0.0,0.0
68,1734347552.601531,-0.7979232668876648,1.8728011846542358,0.1227574273943901,0.0
68,1734347552.601531,1.8455945253372192,3.357043504714966,0.1153496578335762,0.0
68,1734347552.601531,-4.952626705169678,6.5703840255737305,0.0,0.0
68,1734347552.601531,-7.594028949737549,5.978659629821777,-0.8762341141700745,0.0
68,1734347552.601531,3.3756463527679443,9.60236644744873,-0.6137871742248535,0.0
69,1734347552.636015,-0.7979232668876648,1.8728011846542358,0.1227574273943901,0.0
69,1734347552.636015,1.8455945253372192,3.357043504714966,0.1153496578335762,0.0
69,1734347552.636015,-4.952626705169678,6.5703840255737305,0.0,0.0
69,1734347552.636015,-7.594028949737549,5.978659629821777,-0.8762341141700745,0.0
69,1734347552.636015,3.682722806930542,9.488899230957031,-0.6137871742248535,0.0
69,1734347552.636015,-0.3830878436565399,6.341220378875732,-0.3830878436565399,2.090035915374756
69,1734347552.636015,-0.19471867382526398,6.463944911956787,-0.19471867382526398,2.090035915374756
70,1734347552.669493,-1.5873805284500122,0.7557368278503418,0.0,0.0
70,1734347552.669493,-0.7979232668876648,1.8728011846542358,0.1227574273943901,0.0
70,1734347552.669493,1.9609440565109253,3.293017625808716,0.0,0.0
70,1734347552.669493,-4.952626705169678,6.5703840255737305,0.0,0.0
70,1734347552.669493,-7.594028949737549,5.978659629821777,-0.8762341141700745,0.0
70,1734347552.669493,3.3756463527679443,9.60236644744873,-0.6137871742248535,0.0
70,1734347552.669493,3.682722806930542,9.488899230957031,-0.6137871742248535,0.0
70,1734347552.669493,-0.19260217249393463,6.384975433349609,-0.38520434498786926,2.090035915374756
70,1734347552.669493,-0.19683519005775452,6.534204483032227,-0.19683519005775452,2.090035915374756
71,1734347552.704251,-0.7979232668876648,1.8728011846542358,0.1227574273943901,0.0
71,1734347552.704251,1.8455945253372192,3.357043504714966,0.1153496578335762,0.0
71,1734347552.704251,-4.952626705169678,6.5703840255737305,0.0,0.0
71,1734347552.704251,-7.594028949737549,5.978659629821777,-0.8762341141700745,0.0
71,1734347552.704251,3.682722806930542,9.488899230957031,-0.6137871742248535,0.0
71,1734347552.704251,-0.1978934407234192,6.572314739227295,0.0,2.090035915374756
72,1734347552.738064,-0.7979232668876648,1.8728011846542358,0.1227574273943901,0.0
72,1734347552.738064,1.8455945253372192,3.357043504714966,0.1153496578335762,0.0
72,1734347552.738064,-4.952626705169678,6.5703840255737305,0.0,0.0
72,1734347552.738064,-7.594028949737549,5.978659629821777,-0.8762341141700745,0.0
72,1734347552.738064,3.682722806930542,9.488899230957031,-0.6137871742248535,0.0
72,1734347552.738064,-0.19895169138908386,6.604465484619141,-0.19895169138908386,2.090035915374756
73,1734347552.771878,-0.7979232668876648,1.8728011846542358,0.1227574273943901,0.0
73,1734347552.771878,1.8455945253372192,3.357043504714966,0.1153496578335762,0.0
73,1734347552.771878,-4.952626705169678,6.5703840255737305,0.0,0.0
73,1734347552.771878,-7.594028949737549,5.978659629821777,-0.8762341141700745,0.0
73,1734347552.771878,3.3756463527679443,9.60236644744873,-0.6137871742248535,0.0
73,1734347552.771878,-0.20000994205474854,6.639595031738281,-0.20000994205474854,2.090035915374756
74,1734347552.807402,-0.7979232668876648,1.8728011846542358,0.1227574273943901,0.0
74,1734347552.807402,1.8455945253372192,3.357043504714966,0.1153496578335762,0.0
74,1734347552.807402,-4.952626705169678,6.5703840255737305,0.0,0.0
74,1734347552.807402,-7.594028949737549,5.978659629821777,-0.8762341141700745,0.0
74,1734347552.807402,3.682722806930542,9.488899230957031,-0.6137871742248535,0.0
75,1734347552.841525,-0.7979232668876648,1.8728011846542358,0.1227574273943901,0.0
75,1734347552.841525,1.8455945253372192,3.357043504714966,0.1153496578335762,0.0
75,1734347552.841525,-4.952626705169678,6.5703840255737305,0.0,0.0
75,1734347552.841525,-7.594028949737549,5.978659629821777,-0.8762341141700745,0.0
75,1734347552.841525,3.682722806930542,9.488899230957031,-0.6137871742248535,0.0
75,1734347552.841525,-0.20000994205474854,6.639595031738281,-0.20000994205474854,2.090035915374756
75,1734347552.841525,-0.4106024503707886,6.805963516235352,-0.2053012251853943,2.090035915374756
76,1734347552.876324,-1.5873805284500122,0.7557368278503418,0.0,0.0
76,1734347552.876324,-0.7979232668876648,1.8728011846542358,0.1227574273943901,0.0
76,1734347552.876324,1.8455945253372192,3.357043504714966,0.1153496578335762,0.0
76,1734347552.876324,-4.952626705169678,6.5703840255737305,0.0,0.0
76,1734347552.876324,-7.594028949737549,5.978659629821777,-0.8762341141700745,0.0
76,1734347552.876324,3.3756463527679443,9.60236644744873,-0.6137871742248535,0.0
77,1734347552.910808,-0.7979232668876648,1.8728011846542358,0.1227574273943901,0.0
77,1734347552.910808,1.8455945253372192,3.357043504714966,0.1153496578335762,0.0
77,1734347552.910808,-4.952626705169678,6.5703840255737305,0.0,0.0
77,1734347552.910808,-7.594028949737549,5.978659629821777,-0.8762341141700745,0.0
77,1734347552.910808,3.682722806930542,9.488899230957031,-0.6137871742248535,0.0
77,1734347552.910808,3.6954219341278076,9.521618843078613,-0.6159036755561829,0.0
77,1734347552.910808,-0.20741772651672363,6.888629913330078,0.0,2.090035915374756
78,1734347552.944493,-0.7979232668876648,1.8728011846542358,0.1227574273943901,0.0
78,1734347552.944493,1.8455945253372192,3.357043504714966,0.1153496578335762,0.0
78,1734347552.944493,-4.952626705169678,6.5703840255737305,0.0,0.0
78,1734347552.944493,-7.594028949737549,5.978659629821777,-0.8762341141700745,0.0
78,1734347552.944493,3.3756463527679443,9.60236644744873,-0.6137871742248535,0.0
78,1734347552.944493,0.0,6.809059143066406,-0.4106024503707886,2.090035915374756
78,1734347552.944493,-0.4169519543647766,6.901771068572998,-0.4169519543647766,2.090035915374756
78,1734347552.944493,-0.4169519543647766,6.911210060119629,-0.2084759771823883,3.135053873062134
79,1734347552.978845,-0.7979232668876648,1.8728011846542358,0.1227574273943901,0.0
79,1734347552.978845,1.8455945253372192,3.357043504714966,0.1153496578335762,0.0
79,1734347552.978845,-4.952626705169678,6.5703840255737305,0.0,0.0
79,1734347552.978845,-7.594028949737549,5.978659629821777,-0.8762341141700745,0.0
79,1734347552.978845,3.682722806930542,9.488899230957031,-0.6137871742248535,0.0
79,1734347552.978845,0.21165074408054352,7.029213905334473,0.0,2.090035915374756
80,1734347553.014083,-0.7979232668876648,1.8728011846542358,0.1227574273943901,0.0
80,1734347553.014083,1.8455945253372192,3.357043504714966,0.1153496578335762,0.0
80,1734347553.014083,-4.952626705169678,6.5703840255737305,0.0,0.0
80,1734347553.014083,-7.594028949737549,5.978659629821777,-0.8762341141700745,0.0
80,1734347553.014083,3.682722806930542,9.488899230957031,-0.6137871742248535,0.0
80,1734347553.014083,-0.4254179894924164,7.051538944244385,0.2127089947462082,1.045017957687378
81,1734347553.047263,-1.1175159215927124,0.3044379651546478,0.06984474509954453,0.0
81,1734347553.047263,-0.7979232668876648,1.8728011846542358,0.1227574273943901,0.0
81,1734347553.047263,1.8455945253372192,3.357043504714966,0.1153496578335762,0.0
81,1734347553.047263,-4.704995632171631,6.74537992477417,-0.24763135612010956,0.0
81,1734347553.047263,-7.594028949737549,5.978659629821777,-0.8762341141700745,0.0
81,1734347553.047263,3.682722806930542,9.488899230957031,-0.6137871742248535,0.0
81,1734347553.047263,-0.21376724541187286,7.096286773681641,0.21376724541187286,1.045017957687378
82,1734347553.081191,-0.7979232668876648,1.8728011846542358,0.1227574273943901,0.0
82,1734347553.081191,1.8455945253372192,3.357043504714966,0.1153496578335762,0.0
82,1734347553.081191,-4.952626705169678,6.5703840255737305,0.0,0.0
82,1734347553.081191,-7.594028949737549,5.978659629821777,-0.8762341141700745,0.0
82,1734347553.081191,3.682722806930542,9.488899230957031,-0.6137871742248535,0.0
82,1734347553.081191,-0.4275344908237457,7.089844703674316,0.0,2.090035915374756
83,1734347553.116958,-0.7979232668876648,1.8728011846542358,0.1227574273943901,0.0
83,1734347553.116958,1.8455945253372192,3.357043504714966,0.1153496578335762,0.0
83,1734347553.116958,-4.952626705169678,6.5703840255737305,0.0,0.0
83,1734347553.116958,-7.594028949737549,5.978659629821777,-0.8762341141700745,0.0
83,1734347553.116958,3.3756463527679443,9.60236644744873,-0.6137871742248535,0.0
84,1734347553.150645,-0.7979232668876648,1.8728011846542358,0.1227574273943901,0.0
84,1734347553.150645,1.8455945253372192,3.357043504714966,0.1153496578335762,0.0
84,1734347553.150645,-4.952626705169678,6.5703840255737305,0.0,0.0
84,1734347553.150645,-7.594028949737549,5.978659629821777,-0.8762341141700745,0.0
84,1734347553.150645,3.682722806930542,9.488899230957031,-0.6137871742248535,0.0
85,1734347553.185248,-0.7979232668876648,1.8728011846542358,0.1227574273943901,0.0
85,1734347553.185248,1.8455945253372192,3.357043504714966,0.1153496578335762,0.0
85,1734347553.185248,-4.952626705169678,6.5703840255737305,0.0,0.0
85,1734347553.185248,-7.594028949737549,5.978659629821777,-0.8762341141700745,0.0
85,1734347553.185248,3.682722806930542,9.488899230957031,-0.6137871742248535,0.0
85,1734347553.185248,-0.2201167643070221,7.31038236618042,0.0,2.090035915374756
86,1734347553.220376,-0.7979232668876648,1.8728011846542358,0.1227574273943901,0.0
86,1734347553.220376,1.8455945253372192,3.357043504714966,0.1153496578335762,0.0
86,1734347553.220376,-4.952626705169678,6.5703840255737305,0.0,0.0
86,1734347553.220376,-7.594028949737549,5.978659629821777,-0.8762341141700745,0.0
86,1734347553.220376,3.682722806930542,9.488899230957031,-0.6137871742248535,0.0
86,1734347553.220376,-0.22117501497268677,7.345528602600098,0.0,1.045017957687378
87,1734347553.253749,-0.7979232668876648,1.8728011846542358,0.1227574273943901,0.0
87,1734347553.253749,1.8455945253372192,3.357043504714966,0.1153496578335762,0.0
87,1734347553.253749,-4.952626705169678,6.5703840255737305,0.0,0.0
87,1734347553.253749,-7.594028949737549,5.978659629821777,-0.8762341141700745,0.0
87,1734347553.253749,3.682722806930542,9.488899230957031,-0.6137871742248535,0.0
87,1734347553.253749,-0.43811702728271484,7.262032508850098,-0.21905851364135742,2.090035915374756
87,1734347553.253749,-0.2232915312051773,7.415821075439453,0.0,2.090035915374756
88,1734347553.299562,-0.7979232668876648,1.8728011846542358,0.1227574273943901,0.0
88,1734347553.299562,1.8455945253372192,3.357043504714966,0.1153496578335762,0.0
88,1734347553.299562,-4.952626705169678,6.5703840255737305,0.0,0.0
88,1734347553.299562,-7.301950931549072,6.33207368850708,-0.8762341141700745,0.0
88,1734347553.299562,3.682722806930542,9.488899230957031,-0.6137871742248535,0.0
88,1734347553.299562,-0.44869959354400635,7.440827369689941,0.0,1.045017957687378
89,1734347553.329005,-0.7979232668876648,1.8728011846542358,0.1227574273943901,0.0
89,1734347553.329005,1.8455945253372192,3.357043504714966,0.1153496578335762,0.0
89,1734347553.329005,-4.952626705169678,6.5703840255737305,0.0,0.0
89,1734347553.329005,-7.301950931549072,6.33207368850708,-0.8762341141700745,0.0
89,1734347553.329005,3.682722806930542,9.488899230957031,-0.6137871742248535,0.0
89,1734347553.329005,-0.44869959354400635,7.440827369689941,0.0,2.090035915374756
90,1734347553.356502,-0.7979232668876648,1.8728011846542358,0.1227574273943901,0.0
90,1734347553.356502,1.8455945253372192,3.357043504714966,0.1153496578335762,0.0
90,1734347553.356502,-4.952626705169678,6.5703840255737305,0.0,0.0
90,1734347553.356502,-7.301950931549072,6.33207368850708,-0.8762341141700745,0.0
90,1734347553.356502,3.3756463527679443,9.60236644744873,-0.6137871742248535,0.0
90,1734347553.356502,3.6954219341278076,9.521618843078613,-0.6159036755561829,0.0
90,1734347553.356502,-0.22434979677200317,7.447588920593262,-0.22434979677200317,2.090035915374756
91,1734347553.391726,-0.7979232668876648,1.8728011846542358,0.1227574273943901,0.0
91,1734347553.391726,1.8455945253372192,3.357043504714966,0.1153496578335762,0.0
91,1734347553.391726,-4.952626705169678,6.5703840255737305,0.0,0.0
91,1734347553.391726,-7.301950931549072,6.33207368850708,-0.8762341141700745,0.0
91,1734347553.391726,3.682722806930542,9.488899230957031,-0.6137871742248535,0.0
91,1734347553.391726,-0.22646629810333252,7.517848491668701,-0.22646629810333252,2.090035915374756
92,1734347553.425895,-1.5873805284500122,0.7557368278503418,0.0,0.0
92,1734347553.425895,-0.7979232668876648,1.8728011846542358,0.1227574273943901,0.0
92,1734347553.425895,1.8455945253372192,3.357043504714966,0.1153496578335762,0.0
92,1734347553.425895,-4.952626705169678,6.5703840255737305,0.0,0.0
92,1734347553.425895,-7.301950931549072,6.33207368850708,-0.8762341141700745,0.0
92,1734347553.425895,3.3756463527679443,9.60236644744873,-0.6137871742248535,0.0
92,1734347553.425895,-0.4613986313343048,7.647937774658203,-0.2306993156671524,1.045017957687378
93,1734347553.459807,-0.7979232668876648,1.8728011846542358,0.1227574273943901,0.0
93,1734347553.459807,1.8455945253372192,3.3590247631073,0.0,0.0
93,1734347553.459807,-4.952626705169678,6.5703840255737305,0.0,0.0
93,1734347553.459807,-7.301950931549072,6.33207368850708,-0.8762341141700745,0.0
93,1734347553.459807,3.682722806930542,9.488899230957031,-0.6137871742248535,0.0
94,1734347553.494064,-0.7979232668876648,1.8728011846542358,0.1227574273943901,0.0
94,1734347553.494064,1.8455945253372192,3.357043504714966,0.1153496578335762,0.0
94,1734347553.494064,-4.952626705169678,6.5703840255737305,0.0,0.0
94,1734347553.494064,-7.594028949737549,5.978659629821777,-0.8762341141700745,0.0
94,1734347553.494064,3.3756463527679443,9.60236644744873,-0.6137871742248535,0.0
94,1734347553.494064,-0.4656316339969635,7.71810245513916,-0.23281581699848175,2.090035915374756
95,1734347553.527978,-0.7979232668876648,1.8728011846542358,0.1227574273943901,0.0
95,1734347553.527978,1.8455945253372192,3.357043504714966,0.1153496578335762,0.0
95,1734347553.527978,-4.952626705169678,6.5703840255737305,0.0,0.0
95,1734347553.527978,-7.594028949737549,5.978659629821777,-0.8762341141700745,0.0
95,1734347553.527978,3.682722806930542,9.488899230957031,-0.6137871742248535,0.0
96,1734347553.562639,-0.7979232668876648,1.8728011846542358,0.1227574273943901,0.0
96,1734347553.562639,1.8455945253372192,3.357043504714966,0.1153496578335762,0.0
96,1734347553.562639,-4.952626705169678,6.5703840255737305,0.0,0.0
96,1734347553.562639,-7.594028949737549,5.978659629821777,-0.8762341141700745,0.0
96,1734347553.562639,3.682722806930542,9.488899230957031,-0.6137871742248535,0.0
96,1734347553.562639,-0.47198113799095154,7.8233489990234375,-0.23599056899547577,2.090035915374756
97,1734347553.5966,-1.5873805284500122,0.7557368278503418,0.0,0.0
97,1734347553.5966,-0.7979232668876648,1.8728011846542358,0.1227574273943901,0.0
97,1734347553.5966,1.8455945253372192,3.357043504714966,0.1153496578335762,0.0
97,1734347553.5966,-4.952626705169678,6.5703840255737305,0.0,0.0
97,1734347553.5966,-7.594028949737549,5.978659629821777,-0.8762341141700745,0.0
97,1734347553.5966,3.682722806930542,9.488899230957031,-0.6137871742248535,0.0
97,1734347553.5966,-0.7143212556838989,7.879135608673096,0.0,1.045017957687378
98,1734347553.636952,-0.7979232668876648,1.8728011846542358,0.1227574273943901,0.0
98,1734347553.636952,1.8455945253372192,3.357043504714966,0.1153496578335762,0.0
98,1734347553.636952,-4.952626705169678,6.5703840255737305,0.0,0.0
98,1734347553.636952,-7.594028949737549,5.978659629821777,-0.8762341141700745,0.0
98,1734347553.636952,3.682722806930542,9.488899230957031,-0.6137871742248535,0.0
98,1734347553.636952,-0.242340087890625,8.048449516296387,0.0,2.090035915374756
99,1734347553.666706,-0.7979232668876648,1.8728011846542358,0.1227574273943901,0.0
99,1734347553.666706,1.8455945253372192,3.357043504714966,0.1153496578335762,0.0
99,1734347553.666706,-4.952626705169678,6.5703840255737305,0.0,0.0
99,1734347553.666706,-7.594028949737549,5.978659629821777,-0.8762341141700745,0.0
99,1734347553.666706,3.3756463527679443,9.60236644744873,-0.6137871742248535,0.0
99,1734347553.666706,-0.48256367444992065,8.002399444580078,0.0,2.090035915374756
100,1734347553.712642,-0.7979232668876648,1.8728011846542358,0.1227574273943901,0.0
100,1734347553.712642,1.8455945253372192,3.357043504714966,0.1153496578335762,0.0
100,1734347553.712642,-4.952626705169678,6.5703840255737305,0.0,0.0
100,1734347553.712642,-7.594028949737549,5.978659629821777,-0.8762341141700745,0.0
100,1734347553.712642,3.682722806930542,9.488899230957031,-0.6137871742248535,0.0
101,1734347553.734121,-1.5873805284500122,0.7557368278503418,0.0,0.0
101,1734347553.734121,-0.7979232668876648,1.8728011846542358,0.1227574273943901,0.0
101,1734347553.734121,1.8455945253372192,3.357043504714966,0.1153496578335762,0.0
101,1734347553.734121,-4.952626705169678,6.5703840255737305,0.0,0.0
101,1734347553.734121,-7.594028949737549,5.978659629821777,-0.8762341141700745,0.0
101,1734347553.734121,3.682722806930542,9.488899230957031,-0.6137871742248535,0.0
102,1734347553.767963,-0.7979232668876648,1.8728011846542358,0.1227574273943901,0.0
102,1734347553.767963,1.8455945253372192,3.357043504714966,0.1153496578335762,0.0
102,1734347553.767963,-4.952626705169678,6.5703840255737305,0.0,0.0
102,1734347553.767963,-7.594028949737549,5.978659629821777,-0.8762341141700745,0.0
102,1734347553.767963,3.682722806930542,9.488899230957031,-0.6137871742248535,0.0
103,1734347553.802376,-0.7979232668876648,1.8728011846542358,0.1227574273943901,0.0
103,1734347553.802376,1.8455945253372192,3.357043504714966,0.1153496578335762,0.0
103,1734347553.802376,-4.704995632171631,6.74537992477417,-0.24763135612010956,0.0
103,1734347553.802376,-7.594028949737549,5.978659629821777,-0.8762341141700745,0.0
103,1734347553.802376,3.682722806930542,9.488899230957031,-0.6137871742248535,0.0
104,1734347553.836592,-0.7979232668876648,1.8728011846542358,0.1227574273943901,0.0
104,1734347553.836592,1.8455945253372192,3.357043504714966,0.1153496578335762,0.0
104,1734347553.836592,-4.952626705169678,6.5703840255737305,0.0,0.0
104,1734347553.836592,-7.301950931549072,6.33207368850708,-0.8762341141700745,0.0
104,1734347553.836592,3.682722806930542,9.488899230957031,-0.6137871742248535,0.0
105,1734347553.871147,-0.7979232668876648,1.8728011846542358,0.1227574273943901,0.0
105,1734347553.871147,1.8455945253372192,3.357043504714966,0.1153496578335762,0.0
105,1734347553.871147,-4.952626705169678,6.5703840255737305,0.0,0.0
105,1734347553.871147,-7.594028949737549,5.978659629821777,-0.8762341141700745,0.0
105,1734347553.871147,3.682722806930542,9.488899230957031,-0.6137871742248535,0.0
106,1734347553.915251,-0.7979232668876648,1.8728011846542358,0.1227574273943901,0.0
106,1734347553.915251,1.8455945253372192,3.357043504714966,0.1153496578335762,0.0
106,1734347553.915251,-4.952626705169678,6.5703840255737305,0.0,0.0
106,1734347553.915251,-7.594028949737549,5.978659629821777,-0.8762341141700745,0.0
106,1734347553.915251,3.682722806930542,9.488899230957031,-0.6137871742248535,0.0
106,1734347553.915251,-0.5037288069725037,8.349583625793457,-0.25186440348625183,2.090035915374756
107,1734347553.950266,-1.5873805284500122,0.7557368278503418,0.0,0.0
107,1734347553.950266,-0.7979232668876648,1.8728011846542358,0.1227574273943901,0.0
107,1734347553.950266,1.9609440565109253,3.293017625808716,0.0,0.0
107,1734347553.950266,-4.952626705169678,6.5703840255737305,0.0,0.0
107,1734347553.950266,-7.301950931549072,6.33207368850708,-0.8762341141700745,0.0
107,1734347553.950266,3.682722806930542,9.488899230957031,-0.6137871742248535,0.0
107,1734347553.950266,-0.7651174664497375,8.439430236816406,0.0,3.135053873062134
108,1734347553.974691,-0.11005838215351105,0.650530219078064,-0.6328356862068176,0.0
108,1734347553.974691,-0.7979232668876648,1.8728011846542358,0.1227574273943901,0.0
108,1734347553.974691,1.8455945253372192,3.357043504714966,0.1153496578335762,0.0
108,1734347553.974691,-4.952626705169678,6.5703840255737305,0.0,0.0
108,1734347553.974691,-7.301950931549072,6.33207368850708,-0.8762341141700745,0.0
108,1734347553.974691,3.682722806930542,9.488899230957031,-0.6137871742248535,0.0
109,1734347554.008478,-0.11005838215351105,0.650530219078064,-0.6328356862068176,0.0
109,1734347554.008478,-0.7979232668876648,1.8728011846542358,0.1227574273943901,0.0
109,1734347554.008478,1.8455945253372192,3.357043504714966,0.1153496578335762,0.0
109,1734347554.008478,-4.952626705169678,6.5703840255737305,0.0,0.0
109,1734347554.008478,-7.301950931549072,6.33207368850708,-0.8762341141700745,0.0
109,1734347554.008478,3.682722806930542,9.488899230957031,-0.6137871742248535,0.0
110,1734347554.043014,-0.7979232668876648,1.8728011846542358,0.1227574273943901,0.0
110,1734347554.043014,1.8455945253372192,3.357043504714966,0.1153496578335762,0.0
110,1734347554.043014,-4.952626705169678,6.5703840255737305,0.0,0.0
110,1734347554.043014,-7.301950931549072,6.33207368850708,-0.8762341141700745,0.0
110,1734347554.043014,3.682722806930542,9.488899230957031,-0.6137871742248535,0.0
111,1734347554.078073,-0.7979232668876648,1.8728011846542358,0.1227574273943901,0.0
111,1734347554.078073,1.8455945253372192,3.357043504714966,0.1153496578335762,0.0
111,1734347554.078073,-4.952626705169678,6.5703840255737305,0.0,0.0
111,1734347554.078073,-7.301950931549072,6.33207368850708,-0.8762341141700745,0.0
111,1734347554.078073,3.682722806930542,9.488899230957031,-0.6137871742248535,0.0
112,1734347554.112269,-0.7979232668876648,1.8728011846542358,0.1227574273943901,0.0
112,1734347554.112269,1.8455945253372192,3.357043504714966,0.1153496578335762,0.0
112,1734347554.112269,-4.952626705169678,6.5703840255737305,0.0,0.0
112,1734347554.112269,-7.301950931549072,6.33207368850708,-0.8762341141700745,0.0
112,1734347554.112269,3.3756463527679443,9.60236644744873,-0.6137871742248535,0.0
113,1734347554.146426,-0.7979232668876648,1.8728011846542358,0.1227574273943901,0.0
113,1734347554.146426,1.8455945253372192,3.357043504714966,0.1153496578335762,0.0
113,1734347554.146426,-4.952626705169678,6.5703840255737305,0.0,0.0
113,1734347554.146426,-7.301950931549072,6.33207368850708,-0.8762341141700745,0.0
113,1734347554.146426,3.682722806930542,9.488899230957031,-0.6137871742248535,0.0
113,1734347554.146426,-0.5291268825531006,8.7705717086792,-0.2645634412765503,2.090035915374756
114,1734347554.180266,-0.7979232668876648,1.8728011846542358,0.1227574273943901,0.0
114,1734347554.180266,1.8455945253372192,3.357043504714966,0.1153496578335762,0.0
114,1734347554.180266,-4.952626705169678,6.5703840255737305,0.0,0.0
114,1734347554.180266,-7.301950931549072,6.33207368850708,-0.8762341141700745,0.0
114,1734347554.180266,3.682722806930542,9.488899230957031,-0.6137871742248535,0.0
115,1734347554.216106,-0.7979232668876648,1.8728011846542358,0.1227574273943901,0.0
115,1734347554.216106,1.8455945253372192,3.357043504714966,0.1153496578335762,0.0
115,1734347554.216106,-4.952626705169678,6.5703840255737305,0.0,0.0
115,1734347554.216106,-7.301950931549072,6.33207368850708,-0.8762341141700745,0.0
115,1734347554.216106,3.682722806930542,9.488899230957031,-0.6137871742248535,0.0
116,1734347554.250735,-0.7979232668876648,1.8728011846542358,0.1227574273943901,0.0
116,1734347554.250735,1.8455945253372192,3.357043504714966,0.1153496578335762,0.0
116,1734347554.250735,-4.952626705169678,6.5703840255737305,0.0,0.0
116,1734347554.250735,-7.301950931549072,6.33207368850708,-0.8762341141700745,0.0
116,1734347554.250735,3.682722806930542,9.488899230957031,-0.6137871742248535,0.0
116,1734347554.250735,-0.537592887878418,8.914953231811523,0.0,2.090035915374756
117,1734347554.283316,-0.7979232668876648,1.8728011846542358,0.1227574273943901,0.0
117,1734347554.283316,1.8455945253372192,3.357043504714966,0.1153496578335762,0.0
117,1734347554.283316,-4.952626705169678,6.5703840255737305,0.0,0.0
117,1734347554.283316,-7.301950931549072,6.33207368850708,-0.8762341141700745,0.0
117,1734347554.283316,3.682722806930542,9.488899230957031,-0.6137871742248535,0.0
118,1734347554.318224,-0.7979232668876648,1.8728011846542358,0.1227574273943901,0.0
118,1734347554.318224,1.8455945253372192,3.357043504714966,0.1153496578335762,0.0
118,1734347554.318224,-4.704995632171631,6.74537992477417,-0.24763135612010956,0.0
118,1734347554.318224,-7.301950931549072,6.33207368850708,-0.8762341141700745,0.0
118,1734347554.318224,3.3756463527679443,9.60236644744873,-0.6137871742248535,0.0
118,1734347554.318224,-0.543942391872406,9.016146659851074,0.271971195936203,1.045017957687378
119,1734347554.353492,-0.7979232668876648,1.8728011846542358,0.1227574273943901,0.0
119,1734347554.353492,1.8455945253372192,3.357043504714966,0.1153496578335762,0.0
119,1734347554.353492,-4.952626705169678,6.5703840255737305,0.0,0.0
119,1734347554.353492,-7.301950931549072,6.33207368850708,-0.8762341141700745,0.0
119,1734347554.353492,3.682722806930542,9.488899230957031,-0.6137871742248535,0.0
119,1734347554.353492,-0.5481753945350647,9.086311340332031,0.27408769726753235,2.090035915374756
120,1734347554.387195,-0.7979232668876648,1.8728011846542358,0.1227574273943901,0.0
120,1734347554.387195,1.8455945253372192,3.357043504714966,0.1153496578335762,0.0
120,1734347554.387195,-4.952626705169678,6.5703840255737305,0.0,0.0
120,1734347554.387195,-7.301950931549072,6.33207368850708,-0.8762341141700745,0.0
120,1734347554.387195,3.3756463527679443,9.60236644744873,-0.6137871742248535,0.0
120,1734347554.387195,-0.550291895866394,9.125542640686035,0.0,2.090035915374756
121,1734347554.421617,-0.7979232668876648,1.8728011846542358,0.1227574273943901,0.0
121,1734347554.421617,1.8455945253372192,3.357043504714966,0.1153496578335762,0.0
121,1734347554.421617,-4.952626705169678,6.5703840255737305,0.0,0.0
121,1734347554.421617,-7.301950931549072,6.33207368850708,-0.8762341141700745,0.0
121,1734347554.421617,3.682722806930542,9.488899230957031,-0.6137871742248535,0.0
121,1734347554.421617,-0.2783207297325134,9.239225387573242,0.2783207297325134,2.090035915374756
122,1734347554.455979,-0.7979232668876648,1.8728011846542358,0.1227574273943901,0.0
122,1734347554.455979,1.8455945253372192,3.357043504714966,0.1153496578335762,0.0
122,1734347554.455979,-4.952626705169678,6.5703840255737305,0.0,0.0
122,1734347554.455979,-7.301950931549072,6.33207368850708,-0.8762341141700745,0.0
122,1734347554.455979,3.3756463527679443,9.60236644744873,-0.6137871742248535,0.0
123,1734347554.490584,-1.5873805284500122,0.7538822293281555,-0.05291268602013588,0.0
123,1734347554.490584,-0.7979232668876648,1.8728011846542358,0.1227574273943901,0.0
123,1734347554.490584,1.8455945253372192,3.357043504714966,0.1153496578335762,0.0
123,1734347554.490584,-4.952626705169678,6.5703840255737305,0.0,0.0
123,1734347554.490584,-7.301950931549072,6.33207368850708,-0.8762341141700745,0.0
123,1734347554.490584,3.682722806930542,9.488899230957031,-0.6137871742248535,0.0
124,1734347554.529439,-0.7979232668876648,1.8728011846542358,0.1227574273943901,0.0
124,1734347554.529439,1.8455945253372192,3.357043504714966,0.1153496578335762,0.0
124,1734347554.529439,-4.952626705169678,6.5703840255737305,0.0,0.0
124,1734347554.529439,-7.301950931549072,6.33207368850708,-0.8762341141700745,0.0
124,1734347554.529439,3.682722806930542,9.488899230957031,-0.6137871742248535,0.0
125,1734347554.558938,-0.7979232668876648,1.8728011846542358,0.1227574273943901,0.0
125,1734347554.558938,1.8455945253372192,3.357043504714966,0.1153496578335762,0.0
125,1734347554.558938,-4.952626705169678,6.5703840255737305,0.0,0.0
125,1734347554.558938,-7.594028949737549,5.978659629821777,-0.8762341141700745,0.0
125,1734347554.558938,3.682722806930542,9.488899230957031,-0.6137871742248535,0.0
125,1734347554.558938,-0.8476611971855164,9.349907875061035,0.0,2.090035915374756
126,1734347554.593343,-0.055029191076755524,0.5996641516685486,-0.6878648996353149,0.0
126,1734347554.593343,0.8254378437995911,0.3891112804412842,-0.055029191076755524,0.0
126,1734347554.593343,0.550291895866394,0.40810367465019226,-0.6053211092948914,0.0
126,1734347554.593343,-0.7979232668876648,1.8728011846542358,0.1227574273943901,0.0
126,1734347554.593343,1.8455945253372192,3.357043504714966,0.1153496578335762,0.0
126,1734347554.593343,-4.952626705169678,6.5703840255737305,0.0,0.0
126,1734347554.593343,-7.594028949737549,5.978659629821777,-0.8762341141700745,0.0
126,1734347554.593343,3.682722806930542,9.488899230957031,-0.6137871742248535,0.0
127,1734347554.627788,-0.7979232668876648,1.8728011846542358,0.1227574273943901,0.0
127,1734347554.627788,1.8455945253372192,3.357043504714966,0.1153496578335762,0.0
127,1734347554.627788,-4.952626705169678,6.5703840255737305,0.0,0.0
127,1734347554.627788,-7.594028949737549,5.978659629821777,-0.8762341141700745,0.0
127,1734347554.627788,3.682722806930542,9.488899230957031,-0.6137871742248535,0.0
127,1734347554.627788,-1.1471469402313232,9.459598541259766,0.0,2.090035915374756
128,1734347554.662021,-0.7979232668876648,1.8728011846542358,0.1227574273943901,0.0
128,1734347554.662021,1.8455945253372192,3.357043504714966,0.1153496578335762,0.0
128,1734347554.662021,-4.952626705169678,6.5703840255737305,0.0,0.0
128,1734347554.662021,-7.594028949737549,5.978659629821777,-0.8762341141700745,0.0
128,1734347554.662021,3.682722806930542,9.488899230957031,-0.6137871742248535,0.0
128,1734347554.662021,-0.8635349273681641,9.524999618530273,0.0,2.090035915374756
129,1734347554.695823,-0.8466029763221741,0.2116439938545227,-0.10582537204027176,0.0
129,1734347554.695823,-0.7979232668876648,1.8728011846542358,0.1227574273943901,0.0
129,1734347554.695823,1.8455945253372192,3.3590247631073,0.0,0.0
129,1734347554.695823,-4.952626705169678,6.5703840255737305,0.0,0.0
129,1734347554.695823,-7.594028949737549,5.978659629821777,-0.8762341141700745,0.0
129,1734347554.695823,3.682722806930542,9.488899230957031,-0.6137871742248535,0.0
129,1734347554.695823,3.6954219341278076,9.521618843078613,-0.6159036755561829,0.0
129,1734347554.695823,-0.5799229741096497,9.616917610168457,0.0,2.090035915374756
130,1734347554.729247,-0.08254378288984299,0.6545906662940979,-0.6328356862068176,0.0
130,1734347554.729247,-0.8804670572280884,0.20404621958732605,-0.1375729739665985,0.0
130,1734347554.729247,0.5227773189544678,0.47814956307411194,-0.5778064727783203,0.0
130,1734347554.729247,-0.7979232668876648,1.8728011846542358,0.1227574273943901,0.0
130,1734347554.729247,1.8455945253372192,3.357043504714966,0.1153496578335762,0.0
130,1734347554.729247,-4.952626705169678,6.5703840255737305,0.0,0.0
130,1734347554.729247,-7.594028949737549,5.978659629821777,-0.8762341141700745,0.0
130,1734347554.729247,3.682722806930542,9.488899230957031,-0.6137871742248535,0.0
131,1734347554.772405,-0.7979232668876648,1.8728011846542358,0.1227574273943901,0.0
131,1734347554.772405,1.8455945253372192,3.357043504714966,0.1153496578335762,0.0
131,1734347554.772405,-4.952626705169678,6.5703840255737305,0.0,0.0
131,1734347554.772405,-7.594028949737549,5.978659629821777,-0.8762341141700745,0.0
131,1734347554.772405,3.682722806930542,9.488899230957031,-0.6137871742248535,0.0
132,1734347554.798411,-0.7979232668876648,1.8728011846542358,0.1227574273943901,0.0
132,1734347554.798411,1.8455945253372192,3.357043504714966,0.1153496578335762,0.0
132,1734347554.798411,-4.952626705169678,6.5703840255737305,0.0,0.0
132,1734347554.798411,-7.594028949737549,5.978659629821777,-0.8762341141700745,0.0
132,1734347554.798411,3.3756463527679443,9.60236644744873,-0.6137871742248535,0.0
132,1734347554.798411,3.6954219341278076,9.521618843078613,-0.6159036755561829,0.0
132,1734347554.798411,-0.5905055999755859,9.774589538574219,0.5905055999755859,2.090035915374756
133,1734347554.835963,-0.7979232668876648,1.8728011846542358,0.1227574273943901,0.0
133,1734347554.835963,1.8455945253372192,3.357043504714966,0.1153496578335762,0.0
133,1734347554.835963,-4.704995632171631,6.74537992477417,-0.24763135612010956,0.0
133,1734347554.835963,-7.594028949737549,5.978659629821777,-0.8762341141700745,0.0
133,1734347554.835963,3.682722806930542,9.488899230957031,-0.6137871742248535,0.0
133,1734347554.835963,-0.5926221013069153,9.823039054870605,0.29631105065345764,2.090035915374756
134,1734347554.868119,-0.7979232668876648,1.8728011846542358,0.1227574273943901,0.0
134,1734347554.868119,1.8455945253372192,3.357043504714966,0.1153496578335762,0.0
134,1734347554.868119,-4.952626705169678,6.5703840255737305,0.0,0.0
134,1734347554.868119,-7.594028949737549,5.978659629821777,-0.8762341141700745,0.0
134,1734347554.868119,3.682722806930542,9.488899230957031,-0.6137871742248535,0.0
135,1734347554.901429,-0.7979232668876648,1.8728011846542358,0.1227574273943901,0.0
135,1734347554.901429,1.8455945253372192,3.357043504714966,0.1153496578335762,0.0
135,1734347554.901429,-4.952626705169678,6.5703840255737305,0.0,0.0
135,1734347554.901429,-7.594028949737549,5.978659629821777,-0.8762341141700745,0.0
135,1734347554.901429,3.682722806930542,9.488899230957031,-0.6137871742248535,0.0
135,1734347554.901429,-0.898457407951355,9.910202026367188,0.0,2.090035915374756
136,1734347554.936613,-0.7979232668876648,1.8728011846542358,0.1227574273943901,0.0
136,1734347554.936613,1.8455945253372192,3.357043504714966,0.1153496578335762,0.0
136,1734347554.936613,-4.952626705169678,6.5703840255737305,0.0,0.0
136,1734347554.936613,-7.594028949737549,5.978659629821777,-0.8762341141700745,0.0
136,1734347554.936613,3.682722806930542,9.488899230957031,-0.6137871742248535,0.0
137,1734347554.971615,-0.7979232668876648,1.8728011846542358,0.1227574273943901,0.0
137,1734347554.971615,1.8455945253372192,3.357043504714966,0.1153496578335762,0.0
137,1734347554.971615,-4.952626705169678,6.5703840255737305,0.0,0.0
137,1734347554.971615,-7.594028949737549,5.978659629821777,-0.8762341141700745,0.0
137,1734347554.971615,3.3756463527679443,9.60236644744873,-0.6137871742248535,0.0
137,1734347554.971615,-0.9079816937446594,10.010683059692383,0.3026605546474457,2.090035915374756
138,1734347555.005631,-0.7979232668876648,1.8728011846542358,0.1227574273943901,0.0
138,1734347555.005631,1.8455945253372192,3.357043504714966,0.1153496578335762,0.0
138,1734347555.005631,-4.952626705169678,6.5703840255737305,0.0,0.0
138,1734347555.005631,-7.594028949737549,5.978659629821777,-0.8762341141700745,0.0
138,1734347555.005631,3.6954219341278076,9.521618843078613,-0.6159036755561829,0.0
139,1734347555.039178,-0.7979232668876648,1.8728011846542358,0.1227574273943901,0.0
139,1734347555.039178,1.8455945253372192,3.357043504714966,0.1153496578335762,0.0
139,1734347555.039178,-4.952626705169678,6.5703840255737305,0.0,0.0
139,1734347555.039178,-7.594028949737549,5.978659629821777,-0.8762341141700745,0.0
139,1734347555.039178,3.0689358711242676,9.719353675842285,-0.30689358711242676,0.0
140,1734347555.073129,-0.7979232668876648,1.8728011846542358,0.1227574273943901,0.0
140,1734347555.073129,1.8455945253372192,3.357043504714966,0.1153496578335762,0.0
140,1734347555.073129,-4.952626705169678,6.5703840255737305,0.0,0.0
140,1734347555.073129,-7.301950931549072,6.33207368850708,-0.8762341141700745,0.0
140,1734347555.073129,3.682722806930542,9.488899230957031,-0.6137871742248535,0.0
141,1734347555.107252,-0.7979232668876648,1.8728011846542358,0.1227574273943901,0.0
141,1734347555.107252,1.8455945253372192,3.357043504714966,0.1153496578335762,0.0
141,1734347555.107252,-4.952626705169678,6.5703840255737305,0.0,0.0
141,1734347555.107252,-7.301950931549072,6.33207368850708,-0.8762341141700745,0.0
141,1734347555.107252,3.6954219341278076,9.521618843078613,-0.6159036755561829,0.0
142,1734347555.142413,-0.7979232668876648,1.8728011846542358,0.1227574273943901,0.0
142,1734347555.142413,1.8455945253372192,3.357043504714966,0.1153496578335762,0.0
142,1734347555.142413,-4.952626705169678,6.5703840255737305,0.0,0.0
142,1734347555.142413,-7.594028949737549,5.978659629821777,-0.8762341141700745,0.0
142,1734347555.142413,3.682722806930542,9.488899230957031,-0.6137871742248535,0.0
142,1734347555.142413,-0.6201366782188416,10.283784866333008,0.0,2.090035915374756
143,1734347555.178796,-0.7979232668876648,1.8728011846542358,0.1227574273943901,0.0
143,1734347555.178796,1.8455945253372192,3.357043504714966,0.1153496578335762,0.0
143,1734347555.178796,-4.952626705169678,6.5703840255737305,0.0,0.0
143,1734347555.178796,-7.301950931549072,6.33207368850708,-0.8762341141700745,0.0
143,1734347555.178796,3.682722806930542,9.488899230957031,-0.6137871742248535,0.0
143,1734347555.178796,3.6954219341278076,9.521618843078613,-0.6159036755561829,0.0
143,1734347555.178796,-0.6286026835441589,10.419438362121582,-0.31430134177207947,2.090035915374756
144,1734347555.211397,-0.7979232668876648,1.8728011846542358,0.1227574273943901,0.0
144,1734347555.211397,1.8455945253372192,3.357043504714966,0.1153496578335762,0.0
144,1734347555.211397,-4.952626705169678,6.5703840255737305,0.0,0.0
144,1734347555.211397,-7.301950931549072,6.33207368850708,-0.8762341141700745,0.0
144,1734347555.211397,3.682722806930542,9.488899230957031,-0.6137871742248535,0.0
144,1734347555.211397,-0.9429040551185608,10.400459289550781,0.0,2.090035915374756
145,1734347555.245993,-0.1375729739665985,0.6452720761299133,-0.6328356862068176,0.0
145,1734347555.245993,-0.7979232668876648,1.8728011846542358,0.1227574273943901,0.0
145,1734347555.245993,1.8455945253372192,3.357043504714966,0.1153496578335762,0.0
145,1734347555.245993,-4.952626705169678,6.5703840255737305,0.0,0.0
145,1734347555.245993,-7.594028949737549,5.978659629821777,-0.8762341141700745,0.0
145,1734347555.245993,3.682722806930542,9.488899230957031,-0.6137871742248535,0.0
145,1734347555.245993,-0.9460787773132324,10.430710792541504,0.31535959243774414,2.090035915374756
145,1734347555.245993,-0.9556030631065369,10.540532112121582,0.0,2.090035915374756
146,1734347555.280523,-0.7979232668876648,1.8728011846542358,0.1227574273943901,0.0
146,1734347555.280523,1.8455945253372192,3.357043504714966,0.1153496578335762,0.0
146,1734347555.280523,-4.952626705169678,6.5703840255737305,0.0,0.0
146,1734347555.280523,-7.301950931549072,6.33207368850708,-0.8762341141700745,0.0
146,1734347555.280523,3.682722806930542,9.488899230957031,-0.6137871742248535,0.0
146,1734347555.280523,-0.9524283409118652,10.500716209411621,0.3174760937690735,2.090035915374756
147,1734347555.313868,-0.08254378288984299,0.5964996218681335,-0.6878648996353149,0.0
147,1734347555.313868,-0.7979232668876648,1.8728011846542358,0.1227574273943901,0.0
147,1734347555.313868,1.8455945253372192,3.357043504714966,0.1153496578335762,0.0
147,1734347555.313868,-4.952626705169678,6.5703840255737305,0.0,0.0
147,1734347555.313868,-7.301950931549072,6.33207368850708,-0.8762341141700745,0.0
147,1734347555.313868,3.3756463527679443,9.60236644744873,-0.6137871742248535,0.0
147,1734347555.313868,-0.9556030631065369,10.540532112121582,0.0,2.090035915374756
147,1734347555.313868,-0.9651273488998413,10.645586967468262,0.0,2.090035915374756
148,1734347555.348587,-0.7979232668876648,1.8728011846542358,0.1227574273943901,0.0
148,1734347555.348587,1.8455945253372192,3.357043504714966,0.1153496578335762,0.0
148,1734347555.348587,-4.952626705169678,6.5703840255737305,0.0,0.0
148,1734347555.348587,-7.594028949737549,5.978659629821777,-0.8762341141700745,0.0
148,1734347555.348587,3.682722806930542,9.488899230957031,-0.6137871742248535,0.0
148,1734347555.348587,-0.9619525671005249,10.61056900024414,0.0,2.090035915374756
149,1734347555.382128,-0.11005838215351105,0.6225818395614624,-0.6603502631187439,0.0
149,1734347555.382128,-0.7979232668876648,1.8728011846542358,0.1227574273943901,0.0
149,1734347555.382128,1.8455945253372192,3.3590247631073,0.0,0.0
149,1734347555.382128,-4.952626705169678,6.5703840255737305,0.0,0.0
149,1734347555.382128,-7.301950931549072,6.33207368850708,-0.8762341141700745,0.0
149,1734347555.382128,3.682722806930542,9.488899230957031,-0.6137871742248535,0.0
150,1734347555.416253,-0.7979232668876648,1.8728011846542358,0.1227574273943901,0.0
150,1734347555.416253,1.8455945253372192,3.357043504714966,0.1153496578335762,0.0
150,1734347555.416253,-4.952626705169678,6.5703840255737305,0.0,0.0
150,1734347555.416253,-7.594028949737549,5.978659629821777,-0.8762341141700745,0.0
150,1734347555.416253,3.682722806930542,9.488899230957031,-0.6137871742248535,0.0
